storm_id,storm_name,year,grid_impact_index_v4b,grid_impact_index_v5r,rank_v4b,rank_v5r,rank_shift,abs_rank_shift
WP182006,XANGSANE,2006,1.0,0.9590048443764728,1.0,1.0,0.0,0.0
WP291995,ANGELA,1995,0.8136167153813612,0.4932560006618378,2.0,5.0,-3.0,3.0
WP092014,RAMMASUN,2014,0.6838720452007028,0.5254268734054386,3.0,3.0,0.0,0.0
WP312013,HAIYAN,2013,0.4336460926704252,0.8360114777618364,4.0,2.0,2.0,2.0
WP282021,RAI,2021,0.3630388377328167,0.3800537443710201,5.0,7.0,-2.0,2.0
WP222020,GONI,2020,0.3015204614679957,0.3764108317991542,6.0,8.0,-2.0,2.0
WP292019,KAMMURI,2019,0.2710326565899469,0.2091466010803688,7.0,14.0,-7.0,7.0
WP201952,WILMA,1952,0.2618770707714649,0.2594674224164396,8.0,12.0,-4.0,4.0
WP271990,MIKE,1990,0.2258874456940359,0.2661520379684105,9.0,11.0,-2.0,2.0
WP201998,BABS,1998,0.1948779717623845,0.1831340583599061,10.0,15.0,-5.0,5.0
WP182022,NORU,2022,0.1627586198996443,0.2359107384027017,11.0,13.0,-2.0,2.0
WP241988,SKIP,1988,0.1400210410012568,0.5188111271288377,12.0,4.0,8.0,8.0
WP252020,VAMCO,2020,0.1017830101435467,0.06156643196529,13.0,38.0,-25.0,25.0
WP242006,DURIAN,2006,0.0792682926829268,0.4008010757015932,14.0,6.0,8.0,8.0
WP262012,BOPHA,2012,0.0609756097560975,0.1137517228319206,15.0,24.0,-9.0,9.0
WP171970,JOAN,1970,0.048780487804878,0.3703132708235444,16.0,9.0,7.0,7.0
WP231987,NINA,1987,0.048780487804878,0.116855281391707,16.0,23.0,-7.0,7.0
WP181970,KATE,1970,0.0426829268292682,0.0896775792185627,18.0,36.0,-18.0,18.0
WP222006,CIMARON,2006,0.0426829268292682,0.2760316216483319,18.0,10.0,8.0,8.0
WP181952,TRIX,1952,0.0365853658536585,0.148180673937076,20.0,20.0,0.0,0.0
WP231959,HARRIET,1959,0.0365853658536585,0.148180673937076,20.0,20.0,0.0,0.0
WP281978,RITA,1978,0.0304878048780487,0.1071794242301898,22.0,27.0,-5.0,5.0
WP302016,NOCK-TEN,2016,0.0304878048780487,0.1036286366838536,22.0,29.0,-7.0,7.0
WP112013,UTOR,2013,0.0304878048780487,0.0599052890383567,22.0,39.0,-17.0,17.0
WP262018,MANGKHUT,2018,0.0304878048780487,0.0304878048780487,22.0,41.0,-19.0,19.0
WP141955,KATE,1955,0.024390243902439,0.106256576059275,26.0,28.0,-2.0,2.0
WP242015,KOPPU,2015,0.0182926829268292,0.0182926829268292,27.0,42.0,-15.0,15.0
WP152010,MEGI,2010,0.0182926829268292,0.1517830056743506,27.0,19.0,8.0,8.0
WP251987,PHYLLIS,1987,0.0182926829268292,0.1526829078110745,27.0,18.0,9.0,9.0
WP171956,JEAN,1956,0.0182926829268292,0.0182926829268292,27.0,42.0,-15.0,15.0
WP311967,EMMA,1967,0.0182926829268292,0.1128561056964044,27.0,25.0,2.0,2.0
WP361964,LOUISE:MARGE,1964,0.0182926829268292,0.1194097278673315,27.0,22.0,5.0,5.0
WP222011,NALGAE,2011,0.0121951219512195,0.0416126061115274,33.0,40.0,-7.0,7.0
WP291967,CARLA,1967,0.0121951219512195,0.0940614541080555,33.0,31.0,2.0,2.0
WP211971,ROSE,1971,0.0121951219512195,0.0940614541080555,33.0,31.0,2.0,2.0
WP201995,SIBYL,1995,0.0121951219512195,0.0121951219512195,33.0,44.0,-11.0,11.0
WP241952,DELLA,1952,0.0121951219512195,0.0940614541080555,33.0,31.0,2.0,2.0
WP041967,VIOLET,1967,0.0121951219512195,0.0940614541080555,33.0,31.0,2.0,2.0
WP181998,ZEB,1998,0.0121951219512195,0.0940614541080555,33.0,31.0,2.0,2.0
WP131984,IKE,1984,0.0060975609756097,0.0646593425745046,40.0,37.0,3.0,3.0
WP221959,GILDA,1959,0.0060975609756097,0.0952218297245578,40.0,30.0,10.0,10.0
WP361993,MANNY,1993,0.0060975609756097,0.0060975609756097,40.0,45.0,-5.0,5.0
WP021982,NELSON,1982,0.0060975609756097,0.107214605916112,40.0,26.0,14.0,14.0
WP061951,LOUISE,1951,0.0060975609756097,0.0060975609756097,40.0,45.0,-5.0,5.0
WP271984,AGNES,1984,0.0060975609756097,0.0060975609756097,40.0,45.0,-5.0,5.0
WP072008,FENGSHEN,2008,0.0060975609756097,0.1701239963025239,40.0,16.0,24.0,24.0
WP091987,BETTY,1987,0.0060975609756097,0.0060975609756097,40.0,45.0,-5.0,5.0
WP261989,ANGELA,1989,0.0060975609756097,0.0060975609756097,40.0,45.0,-5.0,5.0
WP302019,PHANFONE,2019,0.0060975609756097,0.1701239963025239,40.0,16.0,24.0,24.0
WP231992,YVETTE,1992,0.0,0.0,50.0,50.0,0.0,0.0
WP191992,TED,1992,0.0,0.0,50.0,50.0,0.0,0.0
WP261993,FLO,1993,0.0,0.0,50.0,50.0,0.0,0.0
WP301993,IRA,1993,0.0,0.0,50.0,50.0,0.0,0.0
WP241992,ANGELA,1992,0.0,0.0,50.0,50.0,0.0,0.0
WP261992,COLLEEN,1992,0.0,0.0,50.0,50.0,0.0,0.0
WP351993,LOLA,1993,0.0,0.0,50.0,50.0,0.0,0.0
WP061993,KORYN,1993,0.0,0.0,50.0,50.0,0.0,0.0
WP161993,TASHA,1993,0.0,0.0,50.0,50.0,0.0,0.0
WP211993,ABE,1993,0.0,0.0,50.0,50.0,0.0,0.0
WP101945,QUEENIE,1945,0.0,0.0,50.0,50.0,0.0,0.0
WP061995,GARY,1995,0.0,0.0,50.0,50.0,0.0,0.0
WP371993,NELL,1993,0.0,0.0,50.0,50.0,0.0,0.0
WP231996,SALLY,1996,0.0,0.0,50.0,50.0,0.0,0.0
WP061999,MAGGIE,1999,0.0,0.0,50.0,50.0,0.0,0.0
WP241998,FAITH,1998,0.0,0.0,50.0,50.0,0.0,0.0
WP111998,VICKI,1998,0.0,0.0,50.0,50.0,0.0,0.0
WP041998,OTTO,1998,0.0,0.0,50.0,50.0,0.0,0.0
WP271997,IVAN,1997,0.0,0.0,50.0,50.0,0.0,0.0
WP181997,AMBER,1997,0.0,0.0,50.0,50.0,0.0,0.0
WP121997,TINA,1997,0.0,0.0,50.0,50.0,0.0,0.0
WP321996,ABEL:BETH,1996,0.0,0.0,50.0,50.0,0.0,0.0
WP291996,ZANE,1996,0.0,0.0,50.0,50.0,0.0,0.0
WP261996,VIOLET,1996,0.0,0.0,50.0,50.0,0.0,0.0
WP181996,NIKI,1996,0.0,0.0,50.0,50.0,0.0,0.0
WP021994,OWEN,1994,0.0,0.0,50.0,50.0,0.0,0.0
WP091996,GLORIA,1996,0.0,0.0,50.0,50.0,0.0,0.0
WP041996,BART,1996,0.0,0.0,50.0,50.0,0.0,0.0
WP281995,ZACK,1995,0.0,0.0,50.0,50.0,0.0,0.0
WP191995,RYAN,1995,0.0,0.0,50.0,50.0,0.0,0.0
WP121995,KENT,1995,0.0,0.0,50.0,50.0,0.0,0.0
WP381994,AXEL,1994,0.0,0.0,50.0,50.0,0.0,0.0
WP341994,TERESA,1994,0.0,0.0,50.0,50.0,0.0,0.0
WP321994,SETH,1994,0.0,0.0,50.0,50.0,0.0,0.0
WP171994,DOUG,1994,0.0,0.0,50.0,50.0,0.0,0.0
WP081994,TIM,1994,0.0,0.0,50.0,50.0,0.0,0.0
WP051992,ELI,1992,0.0,0.0,50.0,50.0,0.0,0.0
WP171990,DOT,1990,0.0,0.0,50.0,50.0,0.0,0.0
WP021992,BOBBIE,1992,0.0,0.0,50.0,50.0,0.0,0.0
WP131986,WAYNE,1986,0.0,0.0,50.0,50.0,0.0,0.0
WP211987,LYNN,1987,0.0,0.0,50.0,50.0,0.0,0.0
WP141987,GERALD,1987,0.0,0.0,50.0,50.0,0.0,0.0
WP111987,DINAH,1987,0.0,0.0,50.0,50.0,0.0,0.0
WP101987,CARY,1987,0.0,0.0,50.0,50.0,0.0,0.0
WP081987,ALEX,1987,0.0,0.0,50.0,50.0,0.0,0.0
WP061987,VERNON,1987,0.0,0.0,50.0,50.0,0.0,0.0
WP051987,THELMA,1987,0.0,0.0,50.0,50.0,0.0,0.0
WP271986,MARGE,1986,0.0,0.0,50.0,50.0,0.0,0.0
WP241986,JOE,1986,0.0,0.0,50.0,50.0,0.0,0.0
WP191986,ELLEN,1986,0.0,0.0,50.0,50.0,0.0,0.0
WP151986,ABBY,1986,0.0,0.0,50.0,50.0,0.0,0.0
WP071986,PEGGY,1986,0.0,0.0,50.0,50.0,0.0,0.0
WP261991,SETH,1991,0.0,0.0,50.0,50.0,0.0,0.0
WP051986,NANCY,1986,0.0,0.0,50.0,50.0,0.0,0.0
WP271985,HOPE,1985,0.0,0.0,50.0,50.0,0.0,0.0
WP241985,FAYE,1985,0.0,0.0,50.0,50.0,0.0,0.0
WP211985,DOT,1985,0.0,0.0,50.0,50.0,0.0,0.0
WP201985,BRENDAN,1985,0.0,0.0,50.0,50.0,0.0,0.0
WP161985,TESS,1985,0.0,0.0,50.0,50.0,0.0,0.0
WP051985,HAL,1985,0.0,0.0,50.0,50.0,0.0,0.0
WP281984,BILL,1984,0.0,0.0,50.0,50.0,0.0,0.0
WP261984,WARREN,1984,0.0,0.0,50.0,50.0,0.0,0.0
WP031984,ALEX,1984,0.0,0.0,50.0,50.0,0.0,0.0
WP201983,ORCHID,1983,0.0,0.0,50.0,50.0,0.0,0.0
WP011988,ROY,1988,0.0,0.0,50.0,50.0,0.0,0.0
WP021988,SUSAN,1988,0.0,0.0,50.0,50.0,0.0,0.0
WP041988,THAD,1988,0.0,0.0,50.0,50.0,0.0,0.0
WP061988,WARREN,1988,0.0,0.0,50.0,50.0,0.0,0.0
WP251991,RUTH,1991,0.0,0.0,50.0,50.0,0.0,0.0
WP221991,NAT,1991,0.0,0.0,50.0,50.0,0.0,0.0
WP081991,BRENDAN,1991,0.0,0.0,50.0,50.0,0.0,0.0
WP071991,AMY,1991,0.0,0.0,50.0,50.0,0.0,0.0
WP051991,YUNYA,1991,0.0,0.0,50.0,50.0,0.0,0.0
WP041991,WALT,1991,0.0,0.0,50.0,50.0,0.0,0.0
WP291990,PAGE,1990,0.0,0.0,50.0,50.0,0.0,0.0
WP191990,ED,1990,0.0,0.0,50.0,50.0,0.0,0.0
WP261999,DAN,1999,0.0,0.0,50.0,50.0,0.0,0.0
WP161990,BECKY,1990,0.0,0.0,50.0,50.0,0.0,0.0
WP131990,YANCY,1990,0.0,0.0,50.0,50.0,0.0,0.0
WP071990,PERCY,1990,0.0,0.0,50.0,50.0,0.0,0.0
WP061990,OFELIA,1990,0.0,0.0,50.0,50.0,0.0,0.0
WP031990,MARIAN,1990,0.0,0.0,50.0,50.0,0.0,0.0
WP331989,HUNT,1989,0.0,0.0,50.0,50.0,0.0,0.0
WP301989,ELSIE,1989,0.0,0.0,50.0,50.0,0.0,0.0
WP291989,DAN,1989,0.0,0.0,50.0,50.0,0.0,0.0
WP221989,SARAH,1989,0.0,0.0,50.0,50.0,0.0,0.0
WP081989,GORDON,1989,0.0,0.0,50.0,50.0,0.0,0.0
WP031989,BRENDA,1989,0.0,0.0,50.0,50.0,0.0,0.0
WP231988,RUBY,1988,0.0,0.0,50.0,50.0,0.0,0.0
WP221988,PAT,1988,0.0,0.0,50.0,50.0,0.0,0.0
WP201988,NELSON,1988,0.0,0.0,50.0,50.0,0.0,0.0
WP161999,SAM,1999,0.0,0.0,50.0,50.0,0.0,0.0
WP072003,SOUDELOR,2003,0.0,0.0,50.0,50.0,0.0,0.0
WP062000,KAI-TAK,2000,0.0,0.0,50.0,50.0,0.0,0.0
WP102011,NOCK-TEN,2011,0.0,0.0,50.0,50.0,0.0,0.0
WP242016,SARIKA,2016,0.0,0.0,50.0,50.0,0.0,0.0
WP202016,MEGI,2016,0.0,0.0,50.0,50.0,0.0,0.0
WP182016,MALAKAS,2016,0.0,0.0,50.0,50.0,0.0,0.0
WP162016,MERANTI,2016,0.0,0.0,50.0,50.0,0.0,0.0
WP062016,NIDA,2016,0.0,0.0,50.0,50.0,0.0,0.0
WP022016,NEPARTAK,2016,0.0,0.0,50.0,50.0,0.0,0.0
WP282015,MELOR,2015,0.0,0.0,50.0,50.0,0.0,0.0
WP162015,GONI,2015,0.0,0.0,50.0,50.0,0.0,0.0
WP132015,SOUDELOR,2015,0.0,0.0,50.0,50.0,0.0,0.0
WP062015,NOUL,2015,0.0,0.0,50.0,50.0,0.0,0.0
WP042015,MAYSAK,2015,0.0,0.0,50.0,50.0,0.0,0.0
WP012015,MEKKHALA,2015,0.0,0.0,50.0,50.0,0.0,0.0
WP222014,HAGUPIT,2014,0.0,0.0,50.0,50.0,0.0,0.0
WP152014,KALMAEGI,2014,0.0,0.0,50.0,50.0,0.0,0.0
WP102014,MATMO,2014,0.0,0.0,50.0,50.0,0.0,0.0
WP292013,KROSA,2013,0.0,0.0,50.0,50.0,0.0,0.0
WP242013,NARI,2013,0.0,0.0,50.0,50.0,0.0,0.0
WP172013,USAGI,2013,0.0,0.0,50.0,50.0,0.0,0.0
WP182012,JELAWAT,2012,0.0,0.0,50.0,50.0,0.0,0.0
WP152012,TEMBIN,2012,0.0,0.0,50.0,50.0,0.0,0.0
WP142012,KAI-TAK,2012,0.0,0.0,50.0,50.0,0.0,0.0
WP102012,SAOLA,2012,0.0,0.0,50.0,50.0,0.0,0.0
WP052012,GUCHOL,2012,0.0,0.0,50.0,50.0,0.0,0.0
WP042012,MAWAR,2012,0.0,0.0,50.0,50.0,0.0,0.0
WP202011,NESAT,2011,0.0,0.0,50.0,50.0,0.0,0.0
WP252016,HAIMA,2016,0.0,0.0,50.0,50.0,0.0,0.0
WP292016,TOKAGE,2016,0.0,0.0,50.0,50.0,0.0,0.0
WP112017,NESAT,2017,0.0,0.0,50.0,50.0,0.0,0.0
WP022021,SURIGAE,2021,0.0,0.0,50.0,50.0,0.0,0.0
WP142023,KOINU,2023,0.0,0.0,50.0,50.0,0.0,0.0
WP102023,HAIKUI,2023,0.0,0.0,50.0,50.0,0.0,0.0
WP092023,SAOLA,2023,0.0,0.0,50.0,50.0,0.0,0.0
WP052023,DOKSURI,2023,0.0,0.0,50.0,50.0,0.0,0.0
WP022023,MAWAR,2023,0.0,0.0,50.0,50.0,0.0,0.0
WP262022,NALGAE,2022,0.0,0.0,50.0,50.0,0.0,0.0
WP232022,NESAT,2022,0.0,0.0,50.0,50.0,0.0,0.0
WP142022,MUIFA,2022,0.0,0.0,50.0,50.0,0.0,0.0
WP122022,HINNAMNOR,2022,0.0,0.0,50.0,50.0,0.0,0.0
WP192021,CHANTHU,2021,0.0,0.0,50.0,50.0,0.0,0.0
WP182021,CONSON,2021,0.0,0.0,50.0,50.0,0.0,0.0
WP212020,MOLAVE,2020,0.0,0.0,50.0,50.0,0.0,0.0
WP152017,HATO,2017,0.0,0.0,50.0,50.0,0.0,0.0
WP192020,SAUDEL,2020,0.0,0.0,50.0,50.0,0.0,0.0
WP012020,VONGFONG,2020,0.0,0.0,50.0,50.0,0.0,0.0
WP282019,FUNG-WONG,2019,0.0,0.0,50.0,50.0,0.0,0.0
WP272019,KALMAEGI,2019,0.0,0.0,50.0,50.0,0.0,0.0
WP252019,NAKRI,2019,0.0,0.0,50.0,50.0,0.0,0.0
WP212019,NEOGURI,2019,0.0,0.0,50.0,50.0,0.0,0.0
WP192019,MITAG,2019,0.0,0.0,50.0,50.0,0.0,0.0
WP152019,LINGLING,2019,0.0,0.0,50.0,50.0,0.0,0.0
WP312018,YUTU,2018,0.0,0.0,50.0,50.0,0.0,0.0
WP332017,TEMBIN,2017,0.0,0.0,50.0,50.0,0.0,0.0
WP242017,KHANUN,2017,0.0,0.0,50.0,50.0,0.0,0.0
WP142011,NANMADOL,2011,0.0,0.0,50.0,50.0,0.0,0.0
WP042011,SONGDA,2011,0.0,0.0,50.0,50.0,0.0,0.0
WP182000,BILIS,2000,0.0,0.0,50.0,50.0,0.0,0.0
WP162010,CHABA,2010,0.0,0.0,50.0,50.0,0.0,0.0
WP022005,ROKE,2005,0.0,0.0,50.0,50.0,0.0,0.0
WP302004,NANMADOL,2004,0.0,0.0,50.0,50.0,0.0,0.0
WP292004,MUIFA,2004,0.0,0.0,50.0,50.0,0.0,0.0
WP282004,NOCK-TEN,2004,0.0,0.0,50.0,50.0,0.0,0.0
WP102004,MINDULLE,2004,0.0,0.0,50.0,50.0,0.0,0.0
WP072004,CONSON,2004,0.0,0.0,50.0,50.0,0.0,0.0
WP042004,NIDA,2004,0.0,0.0,50.0,50.0,0.0,0.0
WP252003,NEPARTAK,2003,0.0,0.0,50.0,50.0,0.0,0.0
WP242003,MELOR,2003,0.0,0.0,50.0,50.0,0.0,0.0
WP142003,DUJUAN,2003,0.0,0.0,50.0,50.0,0.0,0.0
WP122003,KROVANH,2003,0.0,0.0,50.0,50.0,0.0,0.0
WP102003,MORAKOT,2003,0.0,0.0,50.0,50.0,0.0,0.0
WP092003,IMBUDO,2003,0.0,0.0,50.0,50.0,0.0,0.0
WP041983,WAYNE,1983,0.0,0.0,50.0,50.0,0.0,0.0
WP022003,KUJIRA,2003,0.0,0.0,50.0,50.0,0.0,0.0
WP072002,NOGURI,2002,0.0,0.0,50.0,50.0,0.0,0.0
WP272001,LINGLING,2001,0.0,0.0,50.0,50.0,0.0,0.0
WP232001,LEKIMA,2001,0.0,0.0,50.0,50.0,0.0,0.0
WP112001,TORAJI,2001,0.0,0.0,50.0,50.0,0.0,0.0
WP102001,YUTU,2001,0.0,0.0,50.0,50.0,0.0,0.0
WP062001,UTOR,2001,0.0,0.0,50.0,50.0,0.0,0.0
WP042001,CHEBI,2001,0.0,0.0,50.0,50.0,0.0,0.0
WP312000,BEBINCA,2000,0.0,0.0,50.0,50.0,0.0,0.0
WP302000,XANGSANE,2000,0.0,0.0,50.0,50.0,0.0,0.0
WP232000,WUKONG,2000,0.0,0.0,50.0,50.0,0.0,0.0
WP052005,HAITANG,2005,0.0,0.0,50.0,50.0,0.0,0.0
WP092005,MATSA,2005,0.0,0.0,50.0,50.0,0.0,0.0
WP242005,BOLAVEN,2005,0.0,0.0,50.0,50.0,0.0,0.0
WP132008,NURI,2008,0.0,0.0,50.0,50.0,0.0,0.0
WP032010,CONSON,2010,0.0,0.0,50.0,50.0,0.0,0.0
WP232009,MIRINAE,2009,0.0,0.0,50.0,50.0,0.0,0.0
WP222009,LUPIT,2009,0.0,0.0,50.0,50.0,0.0,0.0
WP192009,PARMA,2009,0.0,0.0,50.0,50.0,0.0,0.0
WP072009,MOLAVE,2009,0.0,0.0,50.0,50.0,0.0,0.0
WP032009,LINFA,2009,0.0,0.0,50.0,50.0,0.0,0.0
WP022009,CHAN-HOM,2009,0.0,0.0,50.0,50.0,0.0,0.0
WP012009,KUJIRA,2009,0.0,0.0,50.0,50.0,0.0,0.0
WP192008,JANGMI,2008,0.0,0.0,50.0,50.0,0.0,0.0
WP182008,HAGUPIT,2008,0.0,0.0,50.0,50.0,0.0,0.0
WP152008,SINLAKU,2008,0.0,0.0,50.0,50.0,0.0,0.0
WP092008,FUNG-WONG,2008,0.0,0.0,50.0,50.0,0.0,0.0
WP022006,CHANCHU,2006,0.0,0.0,50.0,50.0,0.0,0.0
WP052008,HALONG,2008,0.0,0.0,50.0,50.0,0.0,0.0
WP242007,MITAG,2007,0.0,0.0,50.0,50.0,0.0,0.0
WP212007,PEIPAH,2007,0.0,0.0,50.0,50.0,0.0,0.0
WP172007,KROSA,2007,0.0,0.0,50.0,50.0,0.0,0.0
WP092007,SEPAT,2007,0.0,0.0,50.0,50.0,0.0,0.0
WP072007,PABUK,2007,0.0,0.0,50.0,50.0,0.0,0.0
WP252006,UTOR,2006,0.0,0.0,50.0,50.0,0.0,0.0
WP232006,CHEBI,2006,0.0,0.0,50.0,50.0,0.0,0.0
WP142006,SHANSHAN,2006,0.0,0.0,50.0,50.0,0.0,0.0
WP062006,KAEMI,2006,0.0,0.0,50.0,50.0,0.0,0.0
WP042006,EWINIAR,2006,0.0,0.0,50.0,50.0,0.0,0.0
WP101983,ELLEN,1983,0.0,0.0,50.0,50.0,0.0,0.0
WP041982,PAT,1982,0.0,0.0,50.0,50.0,0.0,0.0
WP031983,VERA,1983,0.0,0.0,50.0,50.0,0.0,0.0
WP141956,GILDA,1956,0.0,0.0,50.0,50.0,0.0,0.0
WP071958,WINNIE,1958,0.0,0.0,50.0,50.0,0.0,0.0
WP191957,KIT,1957,0.0,0.0,50.0,50.0,0.0,0.0
WP141957,GLORIA,1957,0.0,0.0,50.0,50.0,0.0,0.0
WP131957,FAYE,1957,0.0,0.0,50.0,50.0,0.0,0.0
WP111957,CARMEN,1957,0.0,0.0,50.0,50.0,0.0,0.0
WP061957,WENDY,1957,0.0,0.0,50.0,50.0,0.0,0.0
WP051957,VIRGINIA,1957,0.0,0.0,50.0,50.0,0.0,0.0
WP031957,SHIRLEY,1957,0.0,0.0,50.0,50.0,0.0,0.0
WP231956,POLLY,1956,0.0,0.0,50.0,50.0,0.0,0.0
WP221956,NADINE,1956,0.0,0.0,50.0,50.0,0.0,0.0
WP211956,OLIVE,1956,0.0,0.0,50.0,50.0,0.0,0.0
WP191956,KAREN:LUCILLE,1956,0.0,0.0,50.0,50.0,0.0,0.0
WP131956,FREDA,1956,0.0,0.0,50.0,50.0,0.0,0.0
WP181958,LORNA,1958,0.0,0.0,50.0,50.0,0.0,0.0
WP111956,DINAH,1956,0.0,0.0,50.0,50.0,0.0,0.0
WP101956,CHARLOTTE,1956,0.0,0.0,50.0,50.0,0.0,0.0
WP091956,BABS,1956,0.0,0.0,50.0,50.0,0.0,0.0
WP031956,THELMA,1956,0.0,0.0,50.0,50.0,0.0,0.0
WP011956,SARAH,1956,0.0,0.0,50.0,50.0,0.0,0.0
WP211955,PATSY,1955,0.0,0.0,50.0,50.0,0.0,0.0
WP121955,IRIS,1955,0.0,0.0,50.0,50.0,0.0,0.0
WP011955,VIOLET,1955,0.0,0.0,50.0,50.0,0.0,0.0
WP191954,TILDA,1954,0.0,0.0,50.0,50.0,0.0,0.0
WP181954,SALLY,1954,0.0,0.0,50.0,50.0,0.0,0.0
WP171954,RUBY,1954,0.0,0.0,50.0,50.0,0.0,0.0
WP161954,PAMELA,1954,0.0,0.0,50.0,50.0,0.0,0.0
WP131958,GRACE,1958,0.0,0.0,50.0,50.0,0.0,0.0
WP051959,BILLIE,1959,0.0,0.0,50.0,50.0,0.0,0.0
WP261962,JEAN,1962,0.0,0.0,50.0,50.0,0.0,0.0
WP271960,PHYLLIS,1960,0.0,0.0,50.0,50.0,0.0,0.0
WP201962,DINAH,1962,0.0,0.0,50.0,50.0,0.0,0.0
WP171962,AMY,1962,0.0,0.0,50.0,50.0,0.0,0.0
WP161962,WANDA,1962,0.0,0.0,50.0,50.0,0.0,0.0
WP111962,PATSY,1962,0.0,0.0,50.0,50.0,0.0,0.0
WP101962,OPAL,1962,0.0,0.0,50.0,50.0,0.0,0.0
WP061962,KATE,1962,0.0,0.0,50.0,50.0,0.0,0.0
WP031962,HOPE,1962,0.0,0.0,50.0,50.0,0.0,0.0
WP271961,ELLEN,1961,0.0,0.0,50.0,50.0,0.0,0.0
WP161961,LORNA,1961,0.0,0.0,50.0,50.0,0.0,0.0
WP141961,JUNE,1961,0.0,0.0,50.0,50.0,0.0,0.0
WP091961,ELSIE,1961,0.0,0.0,50.0,50.0,0.0,0.0
WP061961,BETTY,1961,0.0,0.0,50.0,50.0,0.0,0.0
WP231960,LOLA,1960,0.0,0.0,50.0,50.0,0.0,0.0
WP081959,IRIS,1959,0.0,0.0,50.0,50.0,0.0,0.0
WP221960,KIT,1960,0.0,0.0,50.0,50.0,0.0,0.0
WP151960,ELAINE,1960,0.0,0.0,50.0,50.0,0.0,0.0
WP081960,SHIRLEY,1960,0.0,0.0,50.0,50.0,0.0,0.0
WP061960,POLLY,1960,0.0,0.0,50.0,50.0,0.0,0.0
WP051960,OLIVE,1960,0.0,0.0,50.0,50.0,0.0,0.0
WP011960,KAREN,1960,0.0,0.0,50.0,50.0,0.0,0.0
WP211959,FREDA,1959,0.0,0.0,50.0,50.0,0.0,0.0
WP201959,EMMA,1959,0.0,0.0,50.0,50.0,0.0,0.0
WP181959,CHARLOTTE,1959,0.0,0.0,50.0,50.0,0.0,0.0
WP161959,AMY,1959,0.0,0.0,50.0,50.0,0.0,0.0
WP111959,LOUISE,1959,0.0,0.0,50.0,50.0,0.0,0.0
WP091959,JOAN,1959,0.0,0.0,50.0,50.0,0.0,0.0
WP131954,NANCY,1954,0.0,0.0,50.0,50.0,0.0,0.0
WP061954,IDA,1954,0.0,0.0,50.0,50.0,0.0,0.0
WP021954,ELSIE,1954,0.0,0.0,50.0,50.0,0.0,0.0
WP141947,NANETTE,1947,0.0,0.0,50.0,50.0,0.0,0.0
WP251948,BEVERLY,1948,0.0,0.0,50.0,50.0,0.0,0.0
WP221948,RITA,1948,0.0,0.0,50.0,50.0,0.0,0.0
WP151948,JACKIE,1948,0.0,0.0,50.0,50.0,0.0,0.0
WP131948,HAZEL,1948,0.0,0.0,50.0,50.0,0.0,0.0
WP121948,GERTRUDE,1948,0.0,0.0,50.0,50.0,0.0,0.0
WP071948,ROSE,1948,0.0,0.0,50.0,50.0,0.0,0.0
WP061948,PEARL,1948,0.0,0.0,50.0,50.0,0.0,0.0
WP271947,JEAN,1947,0.0,0.0,50.0,50.0,0.0,0.0
WP231947,FLORA,1947,0.0,0.0,50.0,50.0,0.0,0.0
WP211947,DORA,1947,0.0,0.0,50.0,50.0,0.0,0.0
WP201947,CATHY,1947,0.0,0.0,50.0,50.0,0.0,0.0
WP161947,PAULINE,1947,0.0,0.0,50.0,50.0,0.0,0.0
WP131947,MILDRED,1947,0.0,0.0,50.0,50.0,0.0,0.0
WP211953,CORA,1953,0.0,0.0,50.0,50.0,0.0,0.0
WP091947,INEZ,1947,0.0,0.0,50.0,50.0,0.0,0.0
WP031947,CAROL,1947,0.0,0.0,50.0,50.0,0.0,0.0
WP141946,BETTY,1946,0.0,0.0,50.0,50.0,0.0,0.0
WP131946,ALMA,1946,0.0,0.0,50.0,50.0,0.0,0.0
WP121946,QUERIDA,1946,0.0,0.0,50.0,50.0,0.0,0.0
WP101946,OPAL,1946,0.0,0.0,50.0,50.0,0.0,0.0
WP061946,INGRID,1946,0.0,0.0,50.0,50.0,0.0,0.0
WP031946,DOLLY,1946,0.0,0.0,50.0,50.0,0.0,0.0
WP011946,BARBARA,1946,0.0,0.0,50.0,50.0,0.0,0.0
WP261945,NORA,1945,0.0,0.0,50.0,50.0,0.0,0.0
WP211945,JEAN,1945,0.0,0.0,50.0,50.0,0.0,0.0
WP171945,URSULA,1945,0.0,0.0,50.0,50.0,0.0,0.0
WP021949,DELLA,1949,0.0,0.0,50.0,50.0,0.0,0.0
WP081949,JUDITH,1949,0.0,0.0,50.0,50.0,0.0,0.0
WP161949,OMELIA,1949,0.0,0.0,50.0,50.0,0.0,0.0
WP171949,PATRICIA,1949,0.0,0.0,50.0,50.0,0.0,0.0
WP201953,BETTY,1953,0.0,0.0,50.0,50.0,0.0,0.0
WP141953,SUSAN,1953,0.0,0.0,50.0,50.0,0.0,0.0
WP121953,RITA,1953,0.0,0.0,50.0,50.0,0.0,0.0
WP111953,PHYLLIS,1953,0.0,0.0,50.0,50.0,0.0,0.0
WP051953,KIT,1953,0.0,0.0,50.0,50.0,0.0,0.0
WP031953,JUDY,1953,0.0,0.0,50.0,50.0,0.0,0.0
WP271952,GLORIA,1952,0.0,0.0,50.0,50.0,0.0,0.0
WP231952,CARMEN,1952,0.0,0.0,50.0,50.0,0.0,0.0
WP221952,BESS,1952,0.0,0.0,50.0,50.0,0.0,0.0
WP111952,NONA,1952,0.0,0.0,50.0,50.0,0.0,0.0
WP101952,MARY,1952,0.0,0.0,50.0,50.0,0.0,0.0
WP061952,HARRIET,1952,0.0,0.0,50.0,50.0,0.0,0.0
WP031952,EMMA,1952,0.0,0.0,50.0,50.0,0.0,0.0
WP161951,AMY,1951,0.0,0.0,50.0,50.0,0.0,0.0
WP151951,WANDA,1951,0.0,0.0,50.0,50.0,0.0,0.0
WP111951,RUTH,1951,0.0,0.0,50.0,50.0,0.0,0.0
WP101951,PAT,1951,0.0,0.0,50.0,50.0,0.0,0.0
WP091951,ORA,1951,0.0,0.0,50.0,50.0,0.0,0.0
WP081951,NORA,1951,0.0,0.0,50.0,50.0,0.0,0.0
WP051951,KATE,1951,0.0,0.0,50.0,50.0,0.0,0.0
WP031951,IRIS,1951,0.0,0.0,50.0,50.0,0.0,0.0
WP181950,FRAN,1950,0.0,0.0,50.0,50.0,0.0,0.0
WP161950,CLARA,1950,0.0,0.0,50.0,50.0,0.0,0.0
WP121950,OSSIA,1950,0.0,0.0,50.0,50.0,0.0,0.0
WP221949,CAMILLA,1949,0.0,0.0,50.0,50.0,0.0,0.0
WP231962,GILDA:IVY,1962,0.0,0.0,50.0,50.0,0.0,0.0
WP281962,LUCY,1962,0.0,0.0,50.0,50.0,0.0,0.0
WP281982,ROGER,1982,0.0,0.0,50.0,50.0,0.0,0.0
WP261974,BESS,1974,0.0,0.0,50.0,50.0,0.0,0.0
WP061977,THELMA,1977,0.0,0.0,50.0,50.0,0.0,0.0
WP221976,LOUISE,1976,0.0,0.0,50.0,50.0,0.0,0.0
WP071976,RUBY,1976,0.0,0.0,50.0,50.0,0.0,0.0
WP051976,OLGA,1976,0.0,0.0,50.0,50.0,0.0,0.0
WP171975,ELSIE,1975,0.0,0.0,50.0,50.0,0.0,0.0
WP131975,ALICE,1975,0.0,0.0,50.0,50.0,0.0,0.0
WP011975,LOLA,1975,0.0,0.0,50.0,50.0,0.0,0.0
WP331974,IRMA,1974,0.0,0.0,50.0,50.0,0.0,0.0
WP311974,GLORIA,1974,0.0,0.0,50.0,50.0,0.0,0.0
WP291974,ELAINE,1974,0.0,0.0,50.0,50.0,0.0,0.0
WP281974,DELLA,1974,0.0,0.0,50.0,50.0,0.0,0.0
WP271974,CARMEN,1974,0.0,0.0,50.0,50.0,0.0,0.0
WP121974,IVY,1974,0.0,0.0,50.0,50.0,0.0,0.0
WP121977,DINAH,1977,0.0,0.0,50.0,50.0,0.0,0.0
WP061974,DINAH,1974,0.0,0.0,50.0,50.0,0.0,0.0
WP201973,RUTH,1973,0.0,0.0,50.0,50.0,0.0,0.0
WP191973,PATSY,1973,0.0,0.0,50.0,50.0,0.0,0.0
WP171973,NORA,1973,0.0,0.0,50.0,50.0,0.0,0.0
WP151973,LOUISE,1973,0.0,0.0,50.0,50.0,0.0,0.0
WP041973,BILLIE,1973,0.0,0.0,50.0,50.0,0.0,0.0
WP311972,THERESE,1972,0.0,0.0,50.0,50.0,0.0,0.0
WP281972,PAMELA,1972,0.0,0.0,50.0,50.0,0.0,0.0
WP141972,BETTY,1972,0.0,0.0,50.0,50.0,0.0,0.0
WP091972,SUSAN,1972,0.0,0.0,50.0,50.0,0.0,0.0
WP061972,ORA,1972,0.0,0.0,50.0,50.0,0.0,0.0
WP011972,KIT,1972,0.0,0.0,50.0,50.0,0.0,0.0
WP101977,BABE,1977,0.0,0.0,50.0,50.0,0.0,0.0
WP191977,KIM,1977,0.0,0.0,50.0,50.0,0.0,0.0
WP041963,SHIRLEY,1963,0.0,0.0,50.0,50.0,0.0,0.0
WP041981,IKE,1981,0.0,0.0,50.0,50.0,0.0,0.0
WP271982,PAMELA,1982,0.0,0.0,50.0,50.0,0.0,0.0
WP241982,NANCY,1982,0.0,0.0,50.0,50.0,0.0,0.0
WP201982,KEN,1982,0.0,0.0,50.0,50.0,0.0,0.0
WP151982,FAYE,1982,0.0,0.0,50.0,50.0,0.0,0.0
WP121982,CECIL,1982,0.0,0.0,50.0,50.0,0.0,0.0
WP101982,ANDY,1982,0.0,0.0,50.0,50.0,0.0,0.0
WP161945,HELEN,1945,0.0,0.0,50.0,50.0,0.0,0.0
WP291981,LEE,1981,0.0,0.0,50.0,50.0,0.0,0.0
WP261981,IRMA,1981,0.0,0.0,50.0,50.0,0.0,0.0
WP251981,HAZEN,1981,0.0,0.0,50.0,50.0,0.0,0.0
WP201981,CLARA,1981,0.0,0.0,50.0,50.0,0.0,0.0
WP051981,JUNE,1981,0.0,0.0,50.0,50.0,0.0,0.0
WP251980,BETTY,1980,0.0,0.0,50.0,50.0,0.0,0.0
WP021978,OLIVE,1978,0.0,0.0,50.0,50.0,0.0,0.0
WP191980,PERCY,1980,0.0,0.0,50.0,50.0,0.0,0.0
WP111980,KIM,1980,0.0,0.0,50.0,50.0,0.0,0.0
WP091980,JOE,1980,0.0,0.0,50.0,50.0,0.0,0.0
WP031980,DOM,1980,0.0,0.0,50.0,50.0,0.0,0.0
WP241979,VERA,1979,0.0,0.0,50.0,50.0,0.0,0.0
WP221979,SARAH,1979,0.0,0.0,50.0,50.0,0.0,0.0
WP171979,MAC,1979,0.0,0.0,50.0,50.0,0.0,0.0
WP121979,IRVING,1979,0.0,0.0,50.0,50.0,0.0,0.0
WP091979,HOPE,1979,0.0,0.0,50.0,50.0,0.0,0.0
WP061979,ELLIS,1979,0.0,0.0,50.0,50.0,0.0,0.0
WP031979,CECIL,1979,0.0,0.0,50.0,50.0,0.0,0.0
WP241978,ORA,1978,0.0,0.0,50.0,50.0,0.0,0.0
WP341971,IRMA,1971,0.0,0.0,50.0,50.0,0.0,0.0
WP331971,HESTER,1971,0.0,0.0,50.0,50.0,0.0,0.0
WP311971,FAYE(GLORIA):GLORIA,1971,0.0,0.0,50.0,50.0,0.0,0.0
WP221964,TILDA,1964,0.0,0.0,50.0,50.0,0.0,0.0
WP031966,JUDY,1966,0.0,0.0,50.0,50.0,0.0,0.0
WP021966,IRMA,1966,0.0,0.0,50.0,50.0,0.0,0.0
WP011966,HESTER,1966,0.0,0.0,50.0,50.0,0.0,0.0
WP331965,FAYE,1965,0.0,0.0,50.0,50.0,0.0,0.0
WP231965,ROSE,1965,0.0,0.0,50.0,50.0,0.0,0.0
WP141965,HARRIET,1965,0.0,0.0,50.0,50.0,0.0,0.0
WP121965,FREDA,1965,0.0,0.0,50.0,50.0,0.0,0.0
WP101965,DINAH,1965,0.0,0.0,50.0,50.0,0.0,0.0
WP071965,AMY,1965,0.0,0.0,50.0,50.0,0.0,0.0
WP391964,OPAL,1964,0.0,0.0,50.0,50.0,0.0,0.0
WP281964,DOT,1964,0.0,0.0,50.0,50.0,0.0,0.0
WP271964,CLARA,1964,0.0,0.0,50.0,50.0,0.0,0.0
WP211964,SALLY,1964,0.0,0.0,50.0,50.0,0.0,0.0
WP301971,ELAINE,1971,0.0,0.0,50.0,50.0,0.0,0.0
WP201964,RUBY,1964,0.0,0.0,50.0,50.0,0.0,0.0
WP121964,IDA,1964,0.0,0.0,50.0,50.0,0.0,0.0
WP081964,ELSIE,1964,0.0,0.0,50.0,50.0,0.0,0.0
WP071964,DORIS,1964,0.0,0.0,50.0,50.0,0.0,0.0
WP061964,CORA,1964,0.0,0.0,50.0,50.0,0.0,0.0
WP031964,WINNIE,1964,0.0,0.0,50.0,50.0,0.0,0.0
WP231963,PHYLLIS,1963,0.0,0.0,50.0,50.0,0.0,0.0
WP131963,FAYE,1963,0.0,0.0,50.0,50.0,0.0,0.0
WP101963,CARMEN,1963,0.0,0.0,50.0,50.0,0.0,0.0
WP081963,AGNES,1963,0.0,0.0,50.0,50.0,0.0,0.0
WP071963,WENDY,1963,0.0,0.0,50.0,50.0,0.0,0.0
WP051963,TRIX,1963,0.0,0.0,50.0,50.0,0.0,0.0
WP061966,MAMIE,1966,0.0,0.0,50.0,50.0,0.0,0.0
WP111966,SUSAN,1966,0.0,0.0,50.0,50.0,0.0,0.0
WP191966,ELSIE,1966,0.0,0.0,50.0,50.0,0.0,0.0
WP301966,PAMELA,1966,0.0,0.0,50.0,50.0,0.0,0.0
WP181971,NADINE,1971,0.0,0.0,50.0,50.0,0.0,0.0
WP161971,LUCY,1971,0.0,0.0,50.0,50.0,0.0,0.0
WP151971,JEAN,1971,0.0,0.0,50.0,50.0,0.0,0.0
WP121971,HARRIET,1971,0.0,0.0,50.0,50.0,0.0,0.0
WP111971,GILDA,1971,0.0,0.0,50.0,50.0,0.0,0.0
WP101971,FREDA,1971,0.0,0.0,50.0,50.0,0.0,0.0
WP081971,DINAH,1971,0.0,0.0,50.0,50.0,0.0,0.0
WP031971,VERA,1971,0.0,0.0,50.0,50.0,0.0,0.0
WP231970,PATSY,1970,0.0,0.0,50.0,50.0,0.0,0.0
WP141970,GEORGIA,1970,0.0,0.0,50.0,50.0,0.0,0.0
WP021970,OLGA,1970,0.0,0.0,50.0,50.0,0.0,0.0
WP011970,NANCY,1970,0.0,0.0,50.0,50.0,0.0,0.0
WP051969,VIOLA,1969,0.0,0.0,50.0,50.0,0.0,0.0
WP031969,SUSAN,1969,0.0,0.0,50.0,50.0,0.0,0.0
WP271968,ORA,1968,0.0,0.0,50.0,50.0,0.0,0.0
WP251968,MAMIE,1968,0.0,0.0,50.0,50.0,0.0,0.0
WP171968,ELAINE,1968,0.0,0.0,50.0,50.0,0.0,0.0
WP151968,DELLA,1968,0.0,0.0,50.0,50.0,0.0,0.0
WP121968,WENDY,1968,0.0,0.0,50.0,50.0,0.0,0.0
WP331967,GILDA,1967,0.0,0.0,50.0,50.0,0.0,0.0
WP321967,FREDA,1967,0.0,0.0,50.0,50.0,0.0,0.0
WP181967,MARGE,1967,0.0,0.0,50.0,50.0,0.0,0.0
WP071967,BILLIE,1967,0.0,0.0,50.0,50.0,0.0,0.0
WP061967,ANITA,1967,0.0,0.0,50.0,50.0,0.0,0.0
WP021967,SALLY,1967,0.0,0.0,50.0,50.0,0.0,0.0
WP012024,EWINIAR,2024,0.0,0.0,50.0,50.0,0.0,0.0
