storm_id,storm_name,year,peak_t,peak_affected_population_proxy,peak_affected_population_share_proxy,peak_n_unserved_buses,peak_unserved_bus_share,peak_n_failed_lines_cumulative,peak_failed_line_share_cumulative,final_affected_population_proxy,final_n_unserved_buses,final_n_failed_lines_cumulative,n_timesteps,peak_affected_population_proxy_norm,peak_n_failed_lines_norm,peak_n_unserved_buses_norm,grid_impact_index_v5r,rank_index
WP182006,XANGSANE,2006,10,16205709.37894857,0.1048537838655714,17,0.0885416666666666,41,0.173728813559322,16205709.37894857,17,41,14,0.9316747406274546,1.0,1.0,0.9590048443764728,1
WP312013,HAIYAN,2013,2,17394170.59652655,0.1125433365242419,15,0.078125,17,0.0720338983050847,17394170.59652655,15,17,6,1.0,0.4146341463414634,0.8823529411764706,0.8360114777618364,2
WP092014,RAMMASUN,2014,4,11497227.778157592,0.0743890815461726,7,0.0364583333333333,11,0.0466101694915254,11497227.778157592,7,11,9,0.660981661318964,0.2682926829268293,0.4117647058823529,0.5254268734054386,3
WP241988,SKIP,1988,2,10733532.38601236,0.0694478383265978,12,0.0625,7,0.0296610169491525,10733532.38601236,12,7,8,0.6170764122639883,0.1707317073170731,0.7058823529411765,0.5188111271288377,4
WP291995,ANGELA,1995,6,6713078.102377892,0.0434347935014678,11,0.0572916666666666,27,0.1144067796610169,6713078.102377892,11,27,10,0.3859383846516044,0.6585365853658537,0.6470588235294118,0.4932560006618378,5
WP242006,DURIAN,2006,4,8042343.66824019,0.0520353750054115,5,0.0260416666666666,13,0.0550847457627118,8042343.66824019,5,13,13,0.4623585599330714,0.3170731707317073,0.2941176470588235,0.4008010757015932,6
WP282021,RAI,2021,2,7203792.833832979,0.0466098039368939,8,0.0416666666666666,10,0.0423728813559322,7203792.833832979,8,10,9,0.4141498322013415,0.2439024390243902,0.4705882352941176,0.3800537443710201,7
WP222020,GONI,2020,3,8042343.66824019,0.0520353750054115,5,0.0260416666666666,9,0.0381355932203389,8042343.66824019,5,9,11,0.4623585599330714,0.2195121951219512,0.2941176470588235,0.3764108317991542,8
WP171970,JOAN,1970,5,8042343.66824019,0.0520353750054115,5,0.0260416666666666,8,0.0338983050847457,8042343.66824019,5,8,12,0.4623585599330714,0.1951219512195122,0.2941176470588235,0.3703132708235444,9
WP222006,CIMARON,2006,7,5485861.878168464,0.0354944891481926,5,0.0260416666666666,7,0.0296610169491525,5485861.878168464,5,7,27,0.3153850796004001,0.1707317073170731,0.2941176470588235,0.2760316216483319,10
WP271990,MIKE,1990,3,5120423.338217735,0.0331300376584035,6,0.03125,6,0.0254237288135593,5120423.338217735,6,6,8,0.2943758260736062,0.1463414634146341,0.3529411764705882,0.2661520379684105,11
WP201952,WILMA,1952,2,5182431.059165284,0.0335312384956021,5,0.0260416666666666,6,0.0254237288135593,5182431.059165284,5,6,8,0.297940682506596,0.1463414634146341,0.2941176470588235,0.2594674224164396,12
WP182022,NORU,2022,13,3164382.480725229,0.0204741100153858,4,0.0208333333333333,15,0.0635593220338983,3164382.480725229,4,15,20,0.1819220102024943,0.3658536585365853,0.2352941176470588,0.2359107384027017,13
WP292019,KAMMURI,2019,4,4588749.446650982,0.0296900142685157,3,0.015625,4,0.0169491525423728,4588749.446650982,3,4,12,0.2638096149043928,0.0975609756097561,0.1764705882352941,0.2091466010803688,14
WP201998,BABS,1998,7,3736895.010746956,0.0241783665634645,2,0.0104166666666666,6,0.0254237288135593,3736895.010746956,2,6,25,0.2148360561378637,0.1463414634146341,0.1176470588235294,0.1831340583599061,15
WP072008,FENGSHEN,2008,5,4499376.370941281,0.0291117547832482,1,0.0052083333333333,1,0.0042372881355932,4499376.370941281,1,1,17,0.2586715098585824,0.024390243902439,0.0588235294117647,0.1701239963025239,16
WP302019,PHANFONE,2019,4,4499376.370941281,0.0291117547832482,1,0.0052083333333333,1,0.0042372881355932,4499376.370941281,1,1,16,0.2586715098585824,0.024390243902439,0.0588235294117647,0.1701239963025239,17
WP251987,PHYLLIS,1987,2,3384417.577397868,0.0218977757081276,2,0.0104166666666666,3,0.0127118644067796,3384417.577397868,2,3,14,0.1945719434345265,0.073170731707317,0.1176470588235294,0.1526829078110745,18
WP152010,MEGI,2010,5,3358329.158587277,0.021728979059774,2,0.0104166666666666,3,0.0127118644067796,3358329.158587277,2,3,22,0.1930721065399866,0.073170731707317,0.1176470588235294,0.1517830056743506,19
WP231959,HARRIET,1959,5,2723586.458119154,0.0176220823871982,2,0.0104166666666666,6,0.0254237288135593,2723586.458119154,2,6,14,0.1565804154331468,0.1463414634146341,0.1176470588235294,0.148180673937076,20
WP181952,TRIX,1952,6,2723586.458119154,0.0176220823871982,2,0.0104166666666666,6,0.0254237288135593,2723586.458119154,2,6,12,0.1565804154331468,0.1463414634146341,0.1176470588235294,0.148180673937076,21
WP361964,LOUISE:MARGE,1964,3,2164022.0039277077,0.0140016021621941,3,0.015625,3,0.0127118644067796,2164022.0039277077,3,3,20,0.124410761175347,0.073170731707317,0.1764705882352941,0.1194097278673315,22
WP231987,NINA,1987,4,1461914.3687820437,0.0094588425393687,2,0.0104166666666666,8,0.0338983050847457,1461914.3687820437,2,8,8,0.0840462246054993,0.1951219512195122,0.1176470588235294,0.116855281391707,23
WP262012,BOPHA,2012,2,1018401.2709317209,0.0065892349574903,2,0.0104166666666666,10,0.0423728813559322,1018401.2709317209,2,10,21,0.0585484237538227,0.2439024390243902,0.1176470588235294,0.1137517228319206,24
WP311967,EMMA,1967,2,2229827.26023674,0.0144273737196681,2,0.0104166666666666,3,0.0127118644067796,2229827.26023674,2,3,11,0.1281939399100763,0.073170731707317,0.1176470588235294,0.1128561056964044,25
WP021982,NELSON,1982,5,2164022.0039277077,0.0140016021621941,3,0.015625,1,0.0042372881355932,2164022.0039277077,3,1,18,0.124410761175347,0.024390243902439,0.1764705882352941,0.107214605916112,26
WP281978,RITA,1978,4,1967515.224138856,0.0127301688090288,1,0.0052083333333333,5,0.0211864406779661,1967515.224138856,1,5,9,0.1131134832339605,0.1219512195121951,0.0588235294117647,0.1071794242301898,27
WP141955,KATE,1955,6,2117531.6196603477,0.0137008012166873,1,0.0052083333333333,4,0.0169491525423728,2117531.6196603477,1,4,11,0.1217380045751189,0.0975609756097561,0.0588235294117647,0.106256576059275,28
WP302016,NOCK-TEN,2016,6,1608780.257164359,0.0104090906129068,2,0.0104166666666666,5,0.0211864406779661,1608780.257164359,2,5,13,0.0924896216371257,0.1219512195121951,0.1176470588235294,0.1036286366838536,29
WP221959,GILDA,1959,4,2327941.2650969625,0.0150621885506167,1,0.0052083333333333,1,0.0042372881355932,2327941.2650969625,1,1,12,0.1338345655619722,0.024390243902439,0.0588235294117647,0.0952218297245578,30
WP241952,DELLA,1952,9,2117531.6196603477,0.0137008012166873,1,0.0052083333333333,2,0.0084745762711864,2117531.6196603477,1,2,16,0.1217380045751189,0.048780487804878,0.0588235294117647,0.0940614541080555,31
WP181998,ZEB,1998,5,2117531.6196603477,0.0137008012166873,1,0.0052083333333333,2,0.0084745762711864,2117531.6196603477,1,2,11,0.1217380045751189,0.048780487804878,0.0588235294117647,0.0940614541080555,32
WP041967,VIOLET,1967,5,2117531.6196603477,0.0137008012166873,1,0.0052083333333333,2,0.0084745762711864,2117531.6196603477,1,2,17,0.1217380045751189,0.048780487804878,0.0588235294117647,0.0940614541080555,33
WP211971,ROSE,1971,4,2117531.6196603477,0.0137008012166873,1,0.0052083333333333,2,0.0084745762711864,2117531.6196603477,1,2,10,0.1217380045751189,0.048780487804878,0.0588235294117647,0.0940614541080555,34
WP291967,CARLA,1967,5,2117531.6196603477,0.0137008012166873,1,0.0052083333333333,2,0.0084745762711864,2117531.6196603477,1,2,12,0.1217380045751189,0.048780487804878,0.0588235294117647,0.0940614541080555,35
WP181970,KATE,1970,2,1106591.7082202437,0.0071598425646139,1,0.0052083333333333,7,0.0296610169491525,1106591.7082202437,1,7,20,0.0636185382958828,0.1707317073170731,0.0588235294117647,0.0896775792185627,36
WP131984,IKE,1984,1,1441926.0728600023,0.0093295147567063,1,0.0052083333333333,1,0.0042372881355932,1441926.0728600023,1,1,11,0.0828970869785502,0.024390243902439,0.0588235294117647,0.0646593425745046,37
WP252020,VAMCO,2020,6,389384.9829298258,0.0025193891785854,2,0.0104166666666666,5,0.0211864406779661,389384.9829298258,2,5,11,0.0223859471061863,0.1219512195121951,0.1176470588235294,0.06156643196529,38
WP112013,UTOR,2013,5,597024.6035888493,0.0038628539660505,1,0.0052083333333333,5,0.0211864406779661,597024.6035888493,1,5,9,0.0343232579142387,0.1219512195121951,0.0588235294117647,0.0599052890383567,39
WP222011,NALGAE,2011,4,597024.6035888493,0.0038628539660505,1,0.0052083333333333,2,0.0084745762711864,597024.6035888493,1,2,10,0.0343232579142387,0.048780487804878,0.0588235294117647,0.0416126061115274,40
WP262018,MANGKHUT,2018,0,0.0,0.0,0,0.0,5,0.0211864406779661,0.0,0,5,9,0.0,0.1219512195121951,0.0,0.0304878048780487,41
WP242015,KOPPU,2015,0,0.0,0.0,0,0.0,3,0.0127118644067796,0.0,0,3,18,0.0,0.073170731707317,0.0,0.0182926829268292,42
WP171956,JEAN,1956,0,0.0,0.0,0,0.0,3,0.0127118644067796,0.0,0,3,12,0.0,0.073170731707317,0.0,0.0182926829268292,43
WP201995,SIBYL,1995,0,0.0,0.0,0,0.0,2,0.0084745762711864,0.0,0,2,12,0.0,0.048780487804878,0.0,0.0121951219512195,44
WP061951,LOUISE,1951,0,0.0,0.0,0,0.0,1,0.0042372881355932,0.0,0,1,13,0.0,0.024390243902439,0.0,0.0060975609756097,45
WP091987,BETTY,1987,0,0.0,0.0,0,0.0,1,0.0042372881355932,0.0,0,1,10,0.0,0.024390243902439,0.0,0.0060975609756097,46
WP361993,MANNY,1993,0,0.0,0.0,0,0.0,1,0.0042372881355932,0.0,0,1,13,0.0,0.024390243902439,0.0,0.0060975609756097,47
WP261989,ANGELA,1989,0,0.0,0.0,0,0.0,1,0.0042372881355932,0.0,0,1,13,0.0,0.024390243902439,0.0,0.0060975609756097,48
WP271984,AGNES,1984,0,0.0,0.0,0,0.0,1,0.0042372881355932,0.0,0,1,7,0.0,0.024390243902439,0.0,0.0060975609756097,49
WP261992,COLLEEN,1992,0,0.0,0.0,0,0.0,0,0.0,0.0,0,0,8,0.0,0.0,0.0,0.0,50
WP191992,TED,1992,0,0.0,0.0,0,0.0,0,0.0,0.0,0,0,10,0.0,0.0,0.0,0.0,51
WP231992,YVETTE,1992,0,0.0,0.0,0,0.0,0,0.0,0.0,0,0,15,0.0,0.0,0.0,0.0,52
WP241992,ANGELA,1992,0,0.0,0.0,0,0.0,0,0.0,0.0,0,0,19,0.0,0.0,0.0,0.0,53
WP161993,TASHA,1993,0,0.0,0.0,0,0.0,0,0.0,0.0,0,0,14,0.0,0.0,0.0,0.0,54
WP061993,KORYN,1993,0,0.0,0.0,0,0.0,0,0.0,0.0,0,0,9,0.0,0.0,0.0,0.0,55
WP301993,IRA,1993,0,0.0,0.0,0,0.0,0,0.0,0.0,0,0,13,0.0,0.0,0.0,0.0,56
WP211993,ABE,1993,0,0.0,0.0,0,0.0,0,0.0,0.0,0,0,24,0.0,0.0,0.0,0.0,57
WP261993,FLO,1993,0,0.0,0.0,0,0.0,0,0.0,0.0,0,0,22,0.0,0.0,0.0,0.0,58
WP351993,LOLA,1993,0,0.0,0.0,0,0.0,0,0.0,0.0,0,0,12,0.0,0.0,0.0,0.0,59
WP101945,QUEENIE,1945,0,0.0,0.0,0,0.0,0,0.0,0.0,0,0,9,0.0,0.0,0.0,0.0,60
WP061995,GARY,1995,0,0.0,0.0,0,0.0,0,0.0,0.0,0,0,19,0.0,0.0,0.0,0.0,61
WP371993,NELL,1993,0,0.0,0.0,0,0.0,0,0.0,0.0,0,0,13,0.0,0.0,0.0,0.0,62
WP231996,SALLY,1996,0,0.0,0.0,0,0.0,0,0.0,0.0,0,0,6,0.0,0.0,0.0,0.0,63
WP061999,MAGGIE,1999,0,0.0,0.0,0,0.0,0,0.0,0.0,0,0,10,0.0,0.0,0.0,0.0,64
WP241998,FAITH,1998,0,0.0,0.0,0,0.0,0,0.0,0.0,0,0,7,0.0,0.0,0.0,0.0,65
WP111998,VICKI,1998,0,0.0,0.0,0,0.0,0,0.0,0.0,0,0,18,0.0,0.0,0.0,0.0,66
WP041998,OTTO,1998,0,0.0,0.0,0,0.0,0,0.0,0.0,0,0,11,0.0,0.0,0.0,0.0,67
WP271997,IVAN,1997,0,0.0,0.0,0,0.0,0,0.0,0.0,0,0,19,0.0,0.0,0.0,0.0,68
WP181997,AMBER,1997,0,0.0,0.0,0,0.0,0,0.0,0.0,0,0,12,0.0,0.0,0.0,0.0,69
WP121997,TINA,1997,0,0.0,0.0,0,0.0,0,0.0,0.0,0,0,5,0.0,0.0,0.0,0.0,70
WP321996,ABEL:BETH,1996,0,0.0,0.0,0,0.0,0,0.0,0.0,0,0,15,0.0,0.0,0.0,0.0,71
WP291996,ZANE,1996,0,0.0,0.0,0,0.0,0,0.0,0.0,0,0,5,0.0,0.0,0.0,0.0,72
WP261996,VIOLET,1996,0,0.0,0.0,0,0.0,0,0.0,0.0,0,0,10,0.0,0.0,0.0,0.0,73
WP181996,NIKI,1996,0,0.0,0.0,0,0.0,0,0.0,0.0,0,0,9,0.0,0.0,0.0,0.0,74
WP021994,OWEN,1994,0,0.0,0.0,0,0.0,0,0.0,0.0,0,0,24,0.0,0.0,0.0,0.0,75
WP091996,GLORIA,1996,0,0.0,0.0,0,0.0,0,0.0,0.0,0,0,15,0.0,0.0,0.0,0.0,76
WP041996,BART,1996,0,0.0,0.0,0,0.0,0,0.0,0.0,0,0,16,0.0,0.0,0.0,0.0,77
WP281995,ZACK,1995,0,0.0,0.0,0,0.0,0,0.0,0.0,0,0,10,0.0,0.0,0.0,0.0,78
WP191995,RYAN,1995,0,0.0,0.0,0,0.0,0,0.0,0.0,0,0,5,0.0,0.0,0.0,0.0,79
WP121995,KENT,1995,0,0.0,0.0,0,0.0,0,0.0,0.0,0,0,18,0.0,0.0,0.0,0.0,80
WP381994,AXEL,1994,0,0.0,0.0,0,0.0,0,0.0,0.0,0,0,17,0.0,0.0,0.0,0.0,81
WP341994,TERESA,1994,0,0.0,0.0,0,0.0,0,0.0,0.0,0,0,13,0.0,0.0,0.0,0.0,82
WP321994,SETH,1994,0,0.0,0.0,0,0.0,0,0.0,0.0,0,0,6,0.0,0.0,0.0,0.0,83
WP171994,DOUG,1994,0,0.0,0.0,0,0.0,0,0.0,0.0,0,0,5,0.0,0.0,0.0,0.0,84
WP081994,TIM,1994,0,0.0,0.0,0,0.0,0,0.0,0.0,0,0,7,0.0,0.0,0.0,0.0,85
WP051992,ELI,1992,0,0.0,0.0,0,0.0,0,0.0,0.0,0,0,7,0.0,0.0,0.0,0.0,86
WP171990,DOT,1990,0,0.0,0.0,0,0.0,0,0.0,0.0,0,0,3,0.0,0.0,0.0,0.0,87
WP021992,BOBBIE,1992,0,0.0,0.0,0,0.0,0,0.0,0.0,0,0,9,0.0,0.0,0.0,0.0,88
WP131986,WAYNE,1986,0,0.0,0.0,0,0.0,0,0.0,0.0,0,0,45,0.0,0.0,0.0,0.0,89
WP211987,LYNN,1987,0,0.0,0.0,0,0.0,0,0.0,0.0,0,0,20,0.0,0.0,0.0,0.0,90
WP141987,GERALD,1987,0,0.0,0.0,0,0.0,0,0.0,0.0,0,0,23,0.0,0.0,0.0,0.0,91
WP111987,DINAH,1987,0,0.0,0.0,0,0.0,0,0.0,0.0,0,0,4,0.0,0.0,0.0,0.0,92
WP101987,CARY,1987,0,0.0,0.0,0,0.0,0,0.0,0.0,0,0,19,0.0,0.0,0.0,0.0,93
WP081987,ALEX,1987,0,0.0,0.0,0,0.0,0,0.0,0.0,0,0,7,0.0,0.0,0.0,0.0,94
WP061987,VERNON,1987,0,0.0,0.0,0,0.0,0,0.0,0.0,0,0,9,0.0,0.0,0.0,0.0,95
WP051987,THELMA,1987,0,0.0,0.0,0,0.0,0,0.0,0.0,0,0,7,0.0,0.0,0.0,0.0,96
WP271986,MARGE,1986,0,0.0,0.0,0,0.0,0,0.0,0.0,0,0,10,0.0,0.0,0.0,0.0,97
WP241986,JOE,1986,0,0.0,0.0,0,0.0,0,0.0,0.0,0,0,16,0.0,0.0,0.0,0.0,98
WP191986,ELLEN,1986,0,0.0,0.0,0,0.0,0,0.0,0.0,0,0,23,0.0,0.0,0.0,0.0,99
WP151986,ABBY,1986,0,0.0,0.0,0,0.0,0,0.0,0.0,0,0,7,0.0,0.0,0.0,0.0,100
WP071986,PEGGY,1986,0,0.0,0.0,0,0.0,0,0.0,0.0,0,0,14,0.0,0.0,0.0,0.0,101
WP261991,SETH,1991,0,0.0,0.0,0,0.0,0,0.0,0.0,0,0,18,0.0,0.0,0.0,0.0,102
WP051986,NANCY,1986,0,0.0,0.0,0,0.0,0,0.0,0.0,0,0,6,0.0,0.0,0.0,0.0,103
WP271985,HOPE,1985,0,0.0,0.0,0,0.0,0,0.0,0.0,0,0,8,0.0,0.0,0.0,0.0,104
WP241985,FAYE,1985,0,0.0,0.0,0,0.0,0,0.0,0.0,0,0,27,0.0,0.0,0.0,0.0,105
WP211985,DOT,1985,0,0.0,0.0,0,0.0,0,0.0,0.0,0,0,11,0.0,0.0,0.0,0.0,106
WP201985,BRENDAN,1985,0,0.0,0.0,0,0.0,0,0.0,0.0,0,0,5,0.0,0.0,0.0,0.0,107
WP161985,TESS,1985,0,0.0,0.0,0,0.0,0,0.0,0.0,0,0,11,0.0,0.0,0.0,0.0,108
WP051985,HAL,1985,0,0.0,0.0,0,0.0,0,0.0,0.0,0,0,12,0.0,0.0,0.0,0.0,109
WP281984,BILL,1984,0,0.0,0.0,0,0.0,0,0.0,0.0,0,0,23,0.0,0.0,0.0,0.0,110
WP261984,WARREN,1984,0,0.0,0.0,0,0.0,0,0.0,0.0,0,0,18,0.0,0.0,0.0,0.0,111
WP031984,ALEX,1984,0,0.0,0.0,0,0.0,0,0.0,0.0,0,0,9,0.0,0.0,0.0,0.0,112
WP201983,ORCHID,1983,0,0.0,0.0,0,0.0,0,0.0,0.0,0,0,32,0.0,0.0,0.0,0.0,113
WP011988,ROY,1988,0,0.0,0.0,0,0.0,0,0.0,0.0,0,0,9,0.0,0.0,0.0,0.0,114
WP021988,SUSAN,1988,0,0.0,0.0,0,0.0,0,0.0,0.0,0,0,16,0.0,0.0,0.0,0.0,115
WP041988,THAD,1988,0,0.0,0.0,0,0.0,0,0.0,0.0,0,0,9,0.0,0.0,0.0,0.0,116
WP061988,WARREN,1988,0,0.0,0.0,0,0.0,0,0.0,0.0,0,0,9,0.0,0.0,0.0,0.0,117
WP251991,RUTH,1991,0,0.0,0.0,0,0.0,0,0.0,0.0,0,0,19,0.0,0.0,0.0,0.0,118
WP221991,NAT,1991,0,0.0,0.0,0,0.0,0,0.0,0.0,0,0,58,0.0,0.0,0.0,0.0,119
WP081991,BRENDAN,1991,0,0.0,0.0,0,0.0,0,0.0,0.0,0,0,13,0.0,0.0,0.0,0.0,120
WP071991,AMY,1991,0,0.0,0.0,0,0.0,0,0.0,0.0,0,0,6,0.0,0.0,0.0,0.0,121
WP051991,YUNYA,1991,0,0.0,0.0,0,0.0,0,0.0,0.0,0,0,21,0.0,0.0,0.0,0.0,122
WP041991,WALT,1991,0,0.0,0.0,0,0.0,0,0.0,0.0,0,0,10,0.0,0.0,0.0,0.0,123
WP291990,PAGE,1990,0,0.0,0.0,0,0.0,0,0.0,0.0,0,0,7,0.0,0.0,0.0,0.0,124
WP191990,ED,1990,0,0.0,0.0,0,0.0,0,0.0,0.0,0,0,8,0.0,0.0,0.0,0.0,125
WP261999,DAN,1999,0,0.0,0.0,0,0.0,0,0.0,0.0,0,0,18,0.0,0.0,0.0,0.0,126
WP161990,BECKY,1990,0,0.0,0.0,0,0.0,0,0.0,0.0,0,0,10,0.0,0.0,0.0,0.0,127
WP131990,YANCY,1990,0,0.0,0.0,0,0.0,0,0.0,0.0,0,0,5,0.0,0.0,0.0,0.0,128
WP071990,PERCY,1990,0,0.0,0.0,0,0.0,0,0.0,0.0,0,0,12,0.0,0.0,0.0,0.0,129
WP061990,OFELIA,1990,0,0.0,0.0,0,0.0,0,0.0,0.0,0,0,11,0.0,0.0,0.0,0.0,130
WP031990,MARIAN,1990,0,0.0,0.0,0,0.0,0,0.0,0.0,0,0,13,0.0,0.0,0.0,0.0,131
WP331989,HUNT,1989,0,0.0,0.0,0,0.0,0,0.0,0.0,0,0,23,0.0,0.0,0.0,0.0,132
WP301989,ELSIE,1989,0,0.0,0.0,0,0.0,0,0.0,0.0,0,0,12,0.0,0.0,0.0,0.0,133
WP291989,DAN,1989,0,0.0,0.0,0,0.0,0,0.0,0.0,0,0,6,0.0,0.0,0.0,0.0,134
WP221989,SARAH,1989,0,0.0,0.0,0,0.0,0,0.0,0.0,0,0,12,0.0,0.0,0.0,0.0,135
WP081989,GORDON,1989,0,0.0,0.0,0,0.0,0,0.0,0.0,0,0,10,0.0,0.0,0.0,0.0,136
WP031989,BRENDA,1989,0,0.0,0.0,0,0.0,0,0.0,0.0,0,0,14,0.0,0.0,0.0,0.0,137
WP231988,RUBY,1988,0,0.0,0.0,0,0.0,0,0.0,0.0,0,0,11,0.0,0.0,0.0,0.0,138
WP221988,PAT,1988,0,0.0,0.0,0,0.0,0,0.0,0.0,0,0,7,0.0,0.0,0.0,0.0,139
WP201988,NELSON,1988,0,0.0,0.0,0,0.0,0,0.0,0.0,0,0,8,0.0,0.0,0.0,0.0,140
WP161999,SAM,1999,0,0.0,0.0,0,0.0,0,0.0,0.0,0,0,12,0.0,0.0,0.0,0.0,141
WP072003,SOUDELOR,2003,0,0.0,0.0,0,0.0,0,0.0,0.0,0,0,14,0.0,0.0,0.0,0.0,142
WP062000,KAI-TAK,2000,0,0.0,0.0,0,0.0,0,0.0,0.0,0,0,23,0.0,0.0,0.0,0.0,143
WP102011,NOCK-TEN,2011,0,0.0,0.0,0,0.0,0,0.0,0.0,0,0,14,0.0,0.0,0.0,0.0,144
WP242016,SARIKA,2016,0,0.0,0.0,0,0.0,0,0.0,0.0,0,0,12,0.0,0.0,0.0,0.0,145
WP202016,MEGI,2016,0,0.0,0.0,0,0.0,0,0.0,0.0,0,0,3,0.0,0.0,0.0,0.0,146
WP182016,MALAKAS,2016,0,0.0,0.0,0,0.0,0,0.0,0.0,0,0,5,0.0,0.0,0.0,0.0,147
WP162016,MERANTI,2016,0,0.0,0.0,0,0.0,0,0.0,0.0,0,0,6,0.0,0.0,0.0,0.0,148
WP062016,NIDA,2016,0,0.0,0.0,0,0.0,0,0.0,0.0,0,0,15,0.0,0.0,0.0,0.0,149
WP022016,NEPARTAK,2016,0,0.0,0.0,0,0.0,0,0.0,0.0,0,0,5,0.0,0.0,0.0,0.0,150
WP282015,MELOR,2015,0,0.0,0.0,0,0.0,0,0.0,0.0,0,0,15,0.0,0.0,0.0,0.0,151
WP162015,GONI,2015,0,0.0,0.0,0,0.0,0,0.0,0.0,0,0,13,0.0,0.0,0.0,0.0,152
WP132015,SOUDELOR,2015,0,0.0,0.0,0,0.0,0,0.0,0.0,0,0,3,0.0,0.0,0.0,0.0,153
WP062015,NOUL,2015,0,0.0,0.0,0,0.0,0,0.0,0.0,0,0,12,0.0,0.0,0.0,0.0,154
WP042015,MAYSAK,2015,0,0.0,0.0,0,0.0,0,0.0,0.0,0,0,7,0.0,0.0,0.0,0.0,155
WP012015,MEKKHALA,2015,0,0.0,0.0,0,0.0,0,0.0,0.0,0,0,14,0.0,0.0,0.0,0.0,156
WP222014,HAGUPIT,2014,0,0.0,0.0,0,0.0,0,0.0,0.0,0,0,19,0.0,0.0,0.0,0.0,157
WP152014,KALMAEGI,2014,0,0.0,0.0,0,0.0,0,0.0,0.0,0,0,9,0.0,0.0,0.0,0.0,158
WP102014,MATMO,2014,0,0.0,0.0,0,0.0,0,0.0,0.0,0,0,7,0.0,0.0,0.0,0.0,159
WP292013,KROSA,2013,0,0.0,0.0,0,0.0,0,0.0,0.0,0,0,10,0.0,0.0,0.0,0.0,160
WP242013,NARI,2013,0,0.0,0.0,0,0.0,0,0.0,0.0,0,0,11,0.0,0.0,0.0,0.0,161
WP172013,USAGI,2013,0,0.0,0.0,0,0.0,0,0.0,0.0,0,0,12,0.0,0.0,0.0,0.0,162
WP182012,JELAWAT,2012,0,0.0,0.0,0,0.0,0,0.0,0.0,0,0,14,0.0,0.0,0.0,0.0,163
WP152012,TEMBIN,2012,0,0.0,0.0,0,0.0,0,0.0,0.0,0,0,24,0.0,0.0,0.0,0.0,164
WP142012,KAI-TAK,2012,0,0.0,0.0,0,0.0,0,0.0,0.0,0,0,11,0.0,0.0,0.0,0.0,165
WP102012,SAOLA,2012,0,0.0,0.0,0,0.0,0,0.0,0.0,0,0,17,0.0,0.0,0.0,0.0,166
WP052012,GUCHOL,2012,0,0.0,0.0,0,0.0,0,0.0,0.0,0,0,4,0.0,0.0,0.0,0.0,167
WP042012,MAWAR,2012,0,0.0,0.0,0,0.0,0,0.0,0.0,0,0,15,0.0,0.0,0.0,0.0,168
WP202011,NESAT,2011,0,0.0,0.0,0,0.0,0,0.0,0.0,0,0,10,0.0,0.0,0.0,0.0,169
WP252016,HAIMA,2016,0,0.0,0.0,0,0.0,0,0.0,0.0,0,0,9,0.0,0.0,0.0,0.0,170
WP292016,TOKAGE,2016,0,0.0,0.0,0,0.0,0,0.0,0.0,0,0,17,0.0,0.0,0.0,0.0,171
WP112017,NESAT,2017,0,0.0,0.0,0,0.0,0,0.0,0.0,0,0,11,0.0,0.0,0.0,0.0,172
WP022021,SURIGAE,2021,0,0.0,0.0,0,0.0,0,0.0,0.0,0,0,20,0.0,0.0,0.0,0.0,173
WP142023,KOINU,2023,0,0.0,0.0,0,0.0,0,0.0,0.0,0,0,29,0.0,0.0,0.0,0.0,174
WP102023,HAIKUI,2023,0,0.0,0.0,0,0.0,0,0.0,0.0,0,0,4,0.0,0.0,0.0,0.0,175
WP092023,SAOLA,2023,0,0.0,0.0,0,0.0,0,0.0,0.0,0,0,67,0.0,0.0,0.0,0.0,176
WP052023,DOKSURI,2023,0,0.0,0.0,0,0.0,0,0.0,0.0,0,0,33,0.0,0.0,0.0,0.0,177
WP022023,MAWAR,2023,0,0.0,0.0,0,0.0,0,0.0,0.0,0,0,24,0.0,0.0,0.0,0.0,178
WP262022,NALGAE,2022,0,0.0,0.0,0,0.0,0,0.0,0.0,0,0,33,0.0,0.0,0.0,0.0,179
WP232022,NESAT,2022,0,0.0,0.0,0,0.0,0,0.0,0.0,0,0,21,0.0,0.0,0.0,0.0,180
WP142022,MUIFA,2022,0,0.0,0.0,0,0.0,0,0.0,0.0,0,0,10,0.0,0.0,0.0,0.0,181
WP122022,HINNAMNOR,2022,0,0.0,0.0,0,0.0,0,0.0,0.0,0,0,9,0.0,0.0,0.0,0.0,182
WP192021,CHANTHU,2021,0,0.0,0.0,0,0.0,0,0.0,0.0,0,0,11,0.0,0.0,0.0,0.0,183
WP182021,CONSON,2021,0,0.0,0.0,0,0.0,0,0.0,0.0,0,0,15,0.0,0.0,0.0,0.0,184
WP212020,MOLAVE,2020,0,0.0,0.0,0,0.0,0,0.0,0.0,0,0,8,0.0,0.0,0.0,0.0,185
WP152017,HATO,2017,0,0.0,0.0,0,0.0,0,0.0,0.0,0,0,10,0.0,0.0,0.0,0.0,186
WP192020,SAUDEL,2020,0,0.0,0.0,0,0.0,0,0.0,0.0,0,0,13,0.0,0.0,0.0,0.0,187
WP012020,VONGFONG,2020,0,0.0,0.0,0,0.0,0,0.0,0.0,0,0,16,0.0,0.0,0.0,0.0,188
WP282019,FUNG-WONG,2019,0,0.0,0.0,0,0.0,0,0.0,0.0,0,0,6,0.0,0.0,0.0,0.0,189
WP272019,KALMAEGI,2019,0,0.0,0.0,0,0.0,0,0.0,0.0,0,0,31,0.0,0.0,0.0,0.0,190
WP252019,NAKRI,2019,0,0.0,0.0,0,0.0,0,0.0,0.0,0,0,12,0.0,0.0,0.0,0.0,191
WP212019,NEOGURI,2019,0,0.0,0.0,0,0.0,0,0.0,0.0,0,0,3,0.0,0.0,0.0,0.0,192
WP192019,MITAG,2019,0,0.0,0.0,0,0.0,0,0.0,0.0,0,0,7,0.0,0.0,0.0,0.0,193
WP152019,LINGLING,2019,0,0.0,0.0,0,0.0,0,0.0,0.0,0,0,10,0.0,0.0,0.0,0.0,194
WP312018,YUTU,2018,0,0.0,0.0,0,0.0,0,0.0,0.0,0,0,20,0.0,0.0,0.0,0.0,195
WP332017,TEMBIN,2017,0,0.0,0.0,0,0.0,0,0.0,0.0,0,0,9,0.0,0.0,0.0,0.0,196
WP242017,KHANUN,2017,0,0.0,0.0,0,0.0,0,0.0,0.0,0,0,11,0.0,0.0,0.0,0.0,197
WP142011,NANMADOL,2011,0,0.0,0.0,0,0.0,0,0.0,0.0,0,0,25,0.0,0.0,0.0,0.0,198
WP042011,SONGDA,2011,0,0.0,0.0,0,0.0,0,0.0,0.0,0,0,11,0.0,0.0,0.0,0.0,199
WP182000,BILIS,2000,0,0.0,0.0,0,0.0,0,0.0,0.0,0,0,5,0.0,0.0,0.0,0.0,200
WP162010,CHABA,2010,0,0.0,0.0,0,0.0,0,0.0,0.0,0,0,3,0.0,0.0,0.0,0.0,201
WP022005,ROKE,2005,0,0.0,0.0,0,0.0,0,0.0,0.0,0,0,6,0.0,0.0,0.0,0.0,202
WP302004,NANMADOL,2004,0,0.0,0.0,0,0.0,0,0.0,0.0,0,0,9,0.0,0.0,0.0,0.0,203
WP292004,MUIFA,2004,0,0.0,0.0,0,0.0,0,0.0,0.0,0,0,27,0.0,0.0,0.0,0.0,204
WP282004,NOCK-TEN,2004,0,0.0,0.0,0,0.0,0,0.0,0.0,0,0,4,0.0,0.0,0.0,0.0,205
WP102004,MINDULLE,2004,0,0.0,0.0,0,0.0,0,0.0,0.0,0,0,16,0.0,0.0,0.0,0.0,206
WP072004,CONSON,2004,0,0.0,0.0,0,0.0,0,0.0,0.0,0,0,20,0.0,0.0,0.0,0.0,207
WP042004,NIDA,2004,0,0.0,0.0,0,0.0,0,0.0,0.0,0,0,15,0.0,0.0,0.0,0.0,208
WP252003,NEPARTAK,2003,0,0.0,0.0,0,0.0,0,0.0,0.0,0,0,8,0.0,0.0,0.0,0.0,209
WP242003,MELOR,2003,0,0.0,0.0,0,0.0,0,0.0,0.0,0,0,14,0.0,0.0,0.0,0.0,210
WP142003,DUJUAN,2003,0,0.0,0.0,0,0.0,0,0.0,0.0,0,0,6,0.0,0.0,0.0,0.0,211
WP122003,KROVANH,2003,0,0.0,0.0,0,0.0,0,0.0,0.0,0,0,9,0.0,0.0,0.0,0.0,212
WP102003,MORAKOT,2003,0,0.0,0.0,0,0.0,0,0.0,0.0,0,0,12,0.0,0.0,0.0,0.0,213
WP092003,IMBUDO,2003,0,0.0,0.0,0,0.0,0,0.0,0.0,0,0,8,0.0,0.0,0.0,0.0,214
WP041983,WAYNE,1983,0,0.0,0.0,0,0.0,0,0.0,0.0,0,0,6,0.0,0.0,0.0,0.0,215
WP022003,KUJIRA,2003,0,0.0,0.0,0,0.0,0,0.0,0.0,0,0,18,0.0,0.0,0.0,0.0,216
WP072002,NOGURI,2002,0,0.0,0.0,0,0.0,0,0.0,0.0,0,0,10,0.0,0.0,0.0,0.0,217
WP272001,LINGLING,2001,0,0.0,0.0,0,0.0,0,0.0,0.0,0,0,16,0.0,0.0,0.0,0.0,218
WP232001,LEKIMA,2001,0,0.0,0.0,0,0.0,0,0.0,0.0,0,0,19,0.0,0.0,0.0,0.0,219
WP112001,TORAJI,2001,0,0.0,0.0,0,0.0,0,0.0,0.0,0,0,9,0.0,0.0,0.0,0.0,220
WP102001,YUTU,2001,0,0.0,0.0,0,0.0,0,0.0,0.0,0,0,8,0.0,0.0,0.0,0.0,221
WP062001,UTOR,2001,0,0.0,0.0,0,0.0,0,0.0,0.0,0,0,9,0.0,0.0,0.0,0.0,222
WP042001,CHEBI,2001,0,0.0,0.0,0,0.0,0,0.0,0.0,0,0,8,0.0,0.0,0.0,0.0,223
WP312000,BEBINCA,2000,0,0.0,0.0,0,0.0,0,0.0,0.0,0,0,22,0.0,0.0,0.0,0.0,224
WP302000,XANGSANE,2000,0,0.0,0.0,0,0.0,0,0.0,0.0,0,0,18,0.0,0.0,0.0,0.0,225
WP232000,WUKONG,2000,0,0.0,0.0,0,0.0,0,0.0,0.0,0,0,10,0.0,0.0,0.0,0.0,226
WP052005,HAITANG,2005,0,0.0,0.0,0,0.0,0,0.0,0.0,0,0,3,0.0,0.0,0.0,0.0,227
WP092005,MATSA,2005,0,0.0,0.0,0,0.0,0,0.0,0.0,0,0,5,0.0,0.0,0.0,0.0,228
WP242005,BOLAVEN,2005,0,0.0,0.0,0,0.0,0,0.0,0.0,0,0,10,0.0,0.0,0.0,0.0,229
WP132008,NURI,2008,0,0.0,0.0,0,0.0,0,0.0,0.0,0,0,11,0.0,0.0,0.0,0.0,230
WP032010,CONSON,2010,0,0.0,0.0,0,0.0,0,0.0,0.0,0,0,10,0.0,0.0,0.0,0.0,231
WP232009,MIRINAE,2009,0,0.0,0.0,0,0.0,0,0.0,0.0,0,0,9,0.0,0.0,0.0,0.0,232
WP222009,LUPIT,2009,0,0.0,0.0,0,0.0,0,0.0,0.0,0,0,14,0.0,0.0,0.0,0.0,233
WP192009,PARMA,2009,0,0.0,0.0,0,0.0,0,0.0,0.0,0,0,36,0.0,0.0,0.0,0.0,234
WP072009,MOLAVE,2009,0,0.0,0.0,0,0.0,0,0.0,0.0,0,0,13,0.0,0.0,0.0,0.0,235
WP032009,LINFA,2009,0,0.0,0.0,0,0.0,0,0.0,0.0,0,0,26,0.0,0.0,0.0,0.0,236
WP022009,CHAN-HOM,2009,0,0.0,0.0,0,0.0,0,0.0,0.0,0,0,16,0.0,0.0,0.0,0.0,237
WP012009,KUJIRA,2009,0,0.0,0.0,0,0.0,0,0.0,0.0,0,0,14,0.0,0.0,0.0,0.0,238
WP192008,JANGMI,2008,0,0.0,0.0,0,0.0,0,0.0,0.0,0,0,6,0.0,0.0,0.0,0.0,239
WP182008,HAGUPIT,2008,0,0.0,0.0,0,0.0,0,0.0,0.0,0,0,9,0.0,0.0,0.0,0.0,240
WP152008,SINLAKU,2008,0,0.0,0.0,0,0.0,0,0.0,0.0,0,0,18,0.0,0.0,0.0,0.0,241
WP092008,FUNG-WONG,2008,0,0.0,0.0,0,0.0,0,0.0,0.0,0,0,5,0.0,0.0,0.0,0.0,242
WP022006,CHANCHU,2006,0,0.0,0.0,0,0.0,0,0.0,0.0,0,0,16,0.0,0.0,0.0,0.0,243
WP052008,HALONG,2008,0,0.0,0.0,0,0.0,0,0.0,0.0,0,0,19,0.0,0.0,0.0,0.0,244
WP242007,MITAG,2007,0,0.0,0.0,0,0.0,0,0.0,0.0,0,0,22,0.0,0.0,0.0,0.0,245
WP212007,PEIPAH,2007,0,0.0,0.0,0,0.0,0,0.0,0.0,0,0,16,0.0,0.0,0.0,0.0,246
WP172007,KROSA,2007,0,0.0,0.0,0,0.0,0,0.0,0.0,0,0,6,0.0,0.0,0.0,0.0,247
WP092007,SEPAT,2007,0,0.0,0.0,0,0.0,0,0.0,0.0,0,0,10,0.0,0.0,0.0,0.0,248
WP072007,PABUK,2007,0,0.0,0.0,0,0.0,0,0.0,0.0,0,0,4,0.0,0.0,0.0,0.0,249
WP252006,UTOR,2006,0,0.0,0.0,0,0.0,0,0.0,0.0,0,0,13,0.0,0.0,0.0,0.0,250
WP232006,CHEBI,2006,0,0.0,0.0,0,0.0,0,0.0,0.0,0,0,10,0.0,0.0,0.0,0.0,251
WP142006,SHANSHAN,2006,0,0.0,0.0,0,0.0,0,0.0,0.0,0,0,7,0.0,0.0,0.0,0.0,252
WP062006,KAEMI,2006,0,0.0,0.0,0,0.0,0,0.0,0.0,0,0,6,0.0,0.0,0.0,0.0,253
WP042006,EWINIAR,2006,0,0.0,0.0,0,0.0,0,0.0,0.0,0,0,4,0.0,0.0,0.0,0.0,254
WP101983,ELLEN,1983,0,0.0,0.0,0,0.0,0,0.0,0.0,0,0,13,0.0,0.0,0.0,0.0,255
WP041982,PAT,1982,0,0.0,0.0,0,0.0,0,0.0,0.0,0,0,13,0.0,0.0,0.0,0.0,256
WP031983,VERA,1983,0,0.0,0.0,0,0.0,0,0.0,0.0,0,0,12,0.0,0.0,0.0,0.0,257
WP141956,GILDA,1956,0,0.0,0.0,0,0.0,0,0.0,0.0,0,0,17,0.0,0.0,0.0,0.0,258
WP071958,WINNIE,1958,0,0.0,0.0,0,0.0,0,0.0,0.0,0,0,6,0.0,0.0,0.0,0.0,259
WP191957,KIT,1957,0,0.0,0.0,0,0.0,0,0.0,0.0,0,0,20,0.0,0.0,0.0,0.0,260
WP141957,GLORIA,1957,0,0.0,0.0,0,0.0,0,0.0,0.0,0,0,10,0.0,0.0,0.0,0.0,261
WP131957,FAYE,1957,0,0.0,0.0,0,0.0,0,0.0,0.0,0,0,12,0.0,0.0,0.0,0.0,262
WP111957,CARMEN,1957,0,0.0,0.0,0,0.0,0,0.0,0.0,0,0,22,0.0,0.0,0.0,0.0,263
WP061957,WENDY,1957,0,0.0,0.0,0,0.0,0,0.0,0.0,0,0,12,0.0,0.0,0.0,0.0,264
WP051957,VIRGINIA,1957,0,0.0,0.0,0,0.0,0,0.0,0.0,0,0,11,0.0,0.0,0.0,0.0,265
WP031957,SHIRLEY,1957,0,0.0,0.0,0,0.0,0,0.0,0.0,0,0,17,0.0,0.0,0.0,0.0,266
WP231956,POLLY,1956,0,0.0,0.0,0,0.0,0,0.0,0.0,0,0,12,0.0,0.0,0.0,0.0,267
WP221956,NADINE,1956,0,0.0,0.0,0,0.0,0,0.0,0.0,0,0,6,0.0,0.0,0.0,0.0,268
WP211956,OLIVE,1956,0,0.0,0.0,0,0.0,0,0.0,0.0,0,0,14,0.0,0.0,0.0,0.0,269
WP191956,KAREN:LUCILLE,1956,0,0.0,0.0,0,0.0,0,0.0,0.0,0,0,18,0.0,0.0,0.0,0.0,270
WP131956,FREDA,1956,0,0.0,0.0,0,0.0,0,0.0,0.0,0,0,3,0.0,0.0,0.0,0.0,271
WP181958,LORNA,1958,0,0.0,0.0,0,0.0,0,0.0,0.0,0,0,14,0.0,0.0,0.0,0.0,272
WP111956,DINAH,1956,0,0.0,0.0,0,0.0,0,0.0,0.0,0,0,5,0.0,0.0,0.0,0.0,273
WP101956,CHARLOTTE,1956,0,0.0,0.0,0,0.0,0,0.0,0.0,0,0,7,0.0,0.0,0.0,0.0,274
WP091956,BABS,1956,0,0.0,0.0,0,0.0,0,0.0,0.0,0,0,10,0.0,0.0,0.0,0.0,275
WP031956,THELMA,1956,0,0.0,0.0,0,0.0,0,0.0,0.0,0,0,13,0.0,0.0,0.0,0.0,276
WP011956,SARAH,1956,0,0.0,0.0,0,0.0,0,0.0,0.0,0,0,13,0.0,0.0,0.0,0.0,277
WP211955,PATSY,1955,0,0.0,0.0,0,0.0,0,0.0,0.0,0,0,7,0.0,0.0,0.0,0.0,278
WP121955,IRIS,1955,0,0.0,0.0,0,0.0,0,0.0,0.0,0,0,5,0.0,0.0,0.0,0.0,279
WP011955,VIOLET,1955,0,0.0,0.0,0,0.0,0,0.0,0.0,0,0,9,0.0,0.0,0.0,0.0,280
WP191954,TILDA,1954,0,0.0,0.0,0,0.0,0,0.0,0.0,0,0,6,0.0,0.0,0.0,0.0,281
WP181954,SALLY,1954,0,0.0,0.0,0,0.0,0,0.0,0.0,0,0,19,0.0,0.0,0.0,0.0,282
WP171954,RUBY,1954,0,0.0,0.0,0,0.0,0,0.0,0.0,0,0,15,0.0,0.0,0.0,0.0,283
WP161954,PAMELA,1954,0,0.0,0.0,0,0.0,0,0.0,0.0,0,0,10,0.0,0.0,0.0,0.0,284
WP131958,GRACE,1958,0,0.0,0.0,0,0.0,0,0.0,0.0,0,0,3,0.0,0.0,0.0,0.0,285
WP051959,BILLIE,1959,0,0.0,0.0,0,0.0,0,0.0,0.0,0,0,5,0.0,0.0,0.0,0.0,286
WP261962,JEAN,1962,0,0.0,0.0,0,0.0,0,0.0,0.0,0,0,7,0.0,0.0,0.0,0.0,287
WP271960,PHYLLIS,1960,0,0.0,0.0,0,0.0,0,0.0,0.0,0,0,13,0.0,0.0,0.0,0.0,288
WP201962,DINAH,1962,0,0.0,0.0,0,0.0,0,0.0,0.0,0,0,5,0.0,0.0,0.0,0.0,289
WP171962,AMY,1962,0,0.0,0.0,0,0.0,0,0.0,0.0,0,0,6,0.0,0.0,0.0,0.0,290
WP161962,WANDA,1962,0,0.0,0.0,0,0.0,0,0.0,0.0,0,0,10,0.0,0.0,0.0,0.0,291
WP111962,PATSY,1962,0,0.0,0.0,0,0.0,0,0.0,0.0,0,0,8,0.0,0.0,0.0,0.0,292
WP101962,OPAL,1962,0,0.0,0.0,0,0.0,0,0.0,0.0,0,0,4,0.0,0.0,0.0,0.0,293
WP061962,KATE,1962,0,0.0,0.0,0,0.0,0,0.0,0.0,0,0,16,0.0,0.0,0.0,0.0,294
WP031962,HOPE,1962,0,0.0,0.0,0,0.0,0,0.0,0.0,0,0,18,0.0,0.0,0.0,0.0,295
WP271961,ELLEN,1961,0,0.0,0.0,0,0.0,0,0.0,0.0,0,0,23,0.0,0.0,0.0,0.0,296
WP161961,LORNA,1961,0,0.0,0.0,0,0.0,0,0.0,0.0,0,0,13,0.0,0.0,0.0,0.0,297
WP141961,JUNE,1961,0,0.0,0.0,0,0.0,0,0.0,0.0,0,0,12,0.0,0.0,0.0,0.0,298
WP091961,ELSIE,1961,0,0.0,0.0,0,0.0,0,0.0,0.0,0,0,7,0.0,0.0,0.0,0.0,299
WP061961,BETTY,1961,0,0.0,0.0,0,0.0,0,0.0,0.0,0,0,10,0.0,0.0,0.0,0.0,300
WP231960,LOLA,1960,0,0.0,0.0,0,0.0,0,0.0,0.0,0,0,15,0.0,0.0,0.0,0.0,301
WP081959,IRIS,1959,0,0.0,0.0,0,0.0,0,0.0,0.0,0,0,13,0.0,0.0,0.0,0.0,302
WP221960,KIT,1960,0,0.0,0.0,0,0.0,0,0.0,0.0,0,0,17,0.0,0.0,0.0,0.0,303
WP151960,ELAINE,1960,0,0.0,0.0,0,0.0,0,0.0,0.0,0,0,11,0.0,0.0,0.0,0.0,304
WP081960,SHIRLEY,1960,0,0.0,0.0,0,0.0,0,0.0,0.0,0,0,5,0.0,0.0,0.0,0.0,305
WP061960,POLLY,1960,0,0.0,0.0,0,0.0,0,0.0,0.0,0,0,14,0.0,0.0,0.0,0.0,306
WP051960,OLIVE,1960,0,0.0,0.0,0,0.0,0,0.0,0.0,0,0,14,0.0,0.0,0.0,0.0,307
WP011960,KAREN,1960,0,0.0,0.0,0,0.0,0,0.0,0.0,0,0,19,0.0,0.0,0.0,0.0,308
WP211959,FREDA,1959,0,0.0,0.0,0,0.0,0,0.0,0.0,0,0,13,0.0,0.0,0.0,0.0,309
WP201959,EMMA,1959,0,0.0,0.0,0,0.0,0,0.0,0.0,0,0,6,0.0,0.0,0.0,0.0,310
WP181959,CHARLOTTE,1959,0,0.0,0.0,0,0.0,0,0.0,0.0,0,0,11,0.0,0.0,0.0,0.0,311
WP161959,AMY,1959,0,0.0,0.0,0,0.0,0,0.0,0.0,0,0,9,0.0,0.0,0.0,0.0,312
WP111959,LOUISE,1959,0,0.0,0.0,0,0.0,0,0.0,0.0,0,0,6,0.0,0.0,0.0,0.0,313
WP091959,JOAN,1959,0,0.0,0.0,0,0.0,0,0.0,0.0,0,0,3,0.0,0.0,0.0,0.0,314
WP131954,NANCY,1954,0,0.0,0.0,0,0.0,0,0.0,0.0,0,0,9,0.0,0.0,0.0,0.0,315
WP061954,IDA,1954,0,0.0,0.0,0,0.0,0,0.0,0.0,0,0,7,0.0,0.0,0.0,0.0,316
WP021954,ELSIE,1954,0,0.0,0.0,0,0.0,0,0.0,0.0,0,0,13,0.0,0.0,0.0,0.0,317
WP141947,NANETTE,1947,0,0.0,0.0,0,0.0,0,0.0,0.0,0,0,4,0.0,0.0,0.0,0.0,318
WP251948,BEVERLY,1948,0,0.0,0.0,0,0.0,0,0.0,0.0,0,0,13,0.0,0.0,0.0,0.0,319
WP221948,RITA,1948,0,0.0,0.0,0,0.0,0,0.0,0.0,0,0,12,0.0,0.0,0.0,0.0,320
WP151948,JACKIE,1948,0,0.0,0.0,0,0.0,0,0.0,0.0,0,0,6,0.0,0.0,0.0,0.0,321
WP131948,HAZEL,1948,0,0.0,0.0,0,0.0,0,0.0,0.0,0,0,8,0.0,0.0,0.0,0.0,322
WP121948,GERTRUDE,1948,0,0.0,0.0,0,0.0,0,0.0,0.0,0,0,15,0.0,0.0,0.0,0.0,323
WP071948,ROSE,1948,0,0.0,0.0,0,0.0,0,0.0,0.0,0,0,11,0.0,0.0,0.0,0.0,324
WP061948,PEARL,1948,0,0.0,0.0,0,0.0,0,0.0,0.0,0,0,4,0.0,0.0,0.0,0.0,325
WP271947,JEAN,1947,0,0.0,0.0,0,0.0,0,0.0,0.0,0,0,11,0.0,0.0,0.0,0.0,326
WP231947,FLORA,1947,0,0.0,0.0,0,0.0,0,0.0,0.0,0,0,10,0.0,0.0,0.0,0.0,327
WP211947,DORA,1947,0,0.0,0.0,0,0.0,0,0.0,0.0,0,0,18,0.0,0.0,0.0,0.0,328
WP201947,CATHY,1947,0,0.0,0.0,0,0.0,0,0.0,0.0,0,0,13,0.0,0.0,0.0,0.0,329
WP161947,PAULINE,1947,0,0.0,0.0,0,0.0,0,0.0,0.0,0,0,12,0.0,0.0,0.0,0.0,330
WP131947,MILDRED,1947,0,0.0,0.0,0,0.0,0,0.0,0.0,0,0,8,0.0,0.0,0.0,0.0,331
WP211953,CORA,1953,0,0.0,0.0,0,0.0,0,0.0,0.0,0,0,19,0.0,0.0,0.0,0.0,332
WP091947,INEZ,1947,0,0.0,0.0,0,0.0,0,0.0,0.0,0,0,6,0.0,0.0,0.0,0.0,333
WP031947,CAROL,1947,0,0.0,0.0,0,0.0,0,0.0,0.0,0,0,11,0.0,0.0,0.0,0.0,334
WP141946,BETTY,1946,0,0.0,0.0,0,0.0,0,0.0,0.0,0,0,11,0.0,0.0,0.0,0.0,335
WP131946,ALMA,1946,0,0.0,0.0,0,0.0,0,0.0,0.0,0,0,6,0.0,0.0,0.0,0.0,336
WP121946,QUERIDA,1946,0,0.0,0.0,0,0.0,0,0.0,0.0,0,0,4,0.0,0.0,0.0,0.0,337
WP101946,OPAL,1946,0,0.0,0.0,0,0.0,0,0.0,0.0,0,0,8,0.0,0.0,0.0,0.0,338
WP061946,INGRID,1946,0,0.0,0.0,0,0.0,0,0.0,0.0,0,0,12,0.0,0.0,0.0,0.0,339
WP031946,DOLLY,1946,0,0.0,0.0,0,0.0,0,0.0,0.0,0,0,9,0.0,0.0,0.0,0.0,340
WP011946,BARBARA,1946,0,0.0,0.0,0,0.0,0,0.0,0.0,0,0,12,0.0,0.0,0.0,0.0,341
WP261945,NORA,1945,0,0.0,0.0,0,0.0,0,0.0,0.0,0,0,5,0.0,0.0,0.0,0.0,342
WP211945,JEAN,1945,0,0.0,0.0,0,0.0,0,0.0,0.0,0,0,6,0.0,0.0,0.0,0.0,343
WP171945,URSULA,1945,0,0.0,0.0,0,0.0,0,0.0,0.0,0,0,11,0.0,0.0,0.0,0.0,344
WP021949,DELLA,1949,0,0.0,0.0,0,0.0,0,0.0,0.0,0,0,9,0.0,0.0,0.0,0.0,345
WP081949,JUDITH,1949,0,0.0,0.0,0,0.0,0,0.0,0.0,0,0,8,0.0,0.0,0.0,0.0,346
WP161949,OMELIA,1949,0,0.0,0.0,0,0.0,0,0.0,0.0,0,0,9,0.0,0.0,0.0,0.0,347
WP171949,PATRICIA,1949,0,0.0,0.0,0,0.0,0,0.0,0.0,0,0,4,0.0,0.0,0.0,0.0,348
WP201953,BETTY,1953,0,0.0,0.0,0,0.0,0,0.0,0.0,0,0,13,0.0,0.0,0.0,0.0,349
WP141953,SUSAN,1953,0,0.0,0.0,0,0.0,0,0.0,0.0,0,0,9,0.0,0.0,0.0,0.0,350
WP121953,RITA,1953,0,0.0,0.0,0,0.0,0,0.0,0.0,0,0,8,0.0,0.0,0.0,0.0,351
WP111953,PHYLLIS,1953,0,0.0,0.0,0,0.0,0,0.0,0.0,0,0,6,0.0,0.0,0.0,0.0,352
WP051953,KIT,1953,0,0.0,0.0,0,0.0,0,0.0,0.0,0,0,7,0.0,0.0,0.0,0.0,353
WP031953,JUDY,1953,0,0.0,0.0,0,0.0,0,0.0,0.0,0,0,14,0.0,0.0,0.0,0.0,354
WP271952,GLORIA,1952,0,0.0,0.0,0,0.0,0,0.0,0.0,0,0,10,0.0,0.0,0.0,0.0,355
WP231952,CARMEN,1952,0,0.0,0.0,0,0.0,0,0.0,0.0,0,0,6,0.0,0.0,0.0,0.0,356
WP221952,BESS,1952,0,0.0,0.0,0,0.0,0,0.0,0.0,0,0,8,0.0,0.0,0.0,0.0,357
WP111952,NONA,1952,0,0.0,0.0,0,0.0,0,0.0,0.0,0,0,9,0.0,0.0,0.0,0.0,358
WP101952,MARY,1952,0,0.0,0.0,0,0.0,0,0.0,0.0,0,0,8,0.0,0.0,0.0,0.0,359
WP061952,HARRIET,1952,0,0.0,0.0,0,0.0,0,0.0,0.0,0,0,14,0.0,0.0,0.0,0.0,360
WP031952,EMMA,1952,0,0.0,0.0,0,0.0,0,0.0,0.0,0,0,12,0.0,0.0,0.0,0.0,361
WP161951,AMY,1951,0,0.0,0.0,0,0.0,0,0.0,0.0,0,0,31,0.0,0.0,0.0,0.0,362
WP151951,WANDA,1951,0,0.0,0.0,0,0.0,0,0.0,0.0,0,0,13,0.0,0.0,0.0,0.0,363
WP111951,RUTH,1951,0,0.0,0.0,0,0.0,0,0.0,0.0,0,0,4,0.0,0.0,0.0,0.0,364
WP101951,PAT,1951,0,0.0,0.0,0,0.0,0,0.0,0.0,0,0,8,0.0,0.0,0.0,0.0,365
WP091951,ORA,1951,0,0.0,0.0,0,0.0,0,0.0,0.0,0,0,13,0.0,0.0,0.0,0.0,366
WP081951,NORA,1951,0,0.0,0.0,0,0.0,0,0.0,0.0,0,0,8,0.0,0.0,0.0,0.0,367
WP051951,KATE,1951,0,0.0,0.0,0,0.0,0,0.0,0.0,0,0,7,0.0,0.0,0.0,0.0,368
WP031951,IRIS,1951,0,0.0,0.0,0,0.0,0,0.0,0.0,0,0,18,0.0,0.0,0.0,0.0,369
WP181950,FRAN,1950,0,0.0,0.0,0,0.0,0,0.0,0.0,0,0,11,0.0,0.0,0.0,0.0,370
WP161950,CLARA,1950,0,0.0,0.0,0,0.0,0,0.0,0.0,0,0,10,0.0,0.0,0.0,0.0,371
WP121950,OSSIA,1950,0,0.0,0.0,0,0.0,0,0.0,0.0,0,0,15,0.0,0.0,0.0,0.0,372
WP221949,CAMILLA,1949,0,0.0,0.0,0,0.0,0,0.0,0.0,0,0,11,0.0,0.0,0.0,0.0,373
WP231962,GILDA:IVY,1962,0,0.0,0.0,0,0.0,0,0.0,0.0,0,0,11,0.0,0.0,0.0,0.0,374
WP281962,LUCY,1962,0,0.0,0.0,0,0.0,0,0.0,0.0,0,0,8,0.0,0.0,0.0,0.0,375
WP281982,ROGER,1982,0,0.0,0.0,0,0.0,0,0.0,0.0,0,0,13,0.0,0.0,0.0,0.0,376
WP261974,BESS,1974,0,0.0,0.0,0,0.0,0,0.0,0.0,0,0,12,0.0,0.0,0.0,0.0,377
WP061977,THELMA,1977,0,0.0,0.0,0,0.0,0,0.0,0.0,0,0,13,0.0,0.0,0.0,0.0,378
WP221976,LOUISE,1976,0,0.0,0.0,0,0.0,0,0.0,0.0,0,0,8,0.0,0.0,0.0,0.0,379
WP071976,RUBY,1976,0,0.0,0.0,0,0.0,0,0.0,0.0,0,0,31,0.0,0.0,0.0,0.0,380
WP051976,OLGA,1976,0,0.0,0.0,0,0.0,0,0.0,0.0,0,0,36,0.0,0.0,0.0,0.0,381
WP171975,ELSIE,1975,0,0.0,0.0,0,0.0,0,0.0,0.0,0,0,12,0.0,0.0,0.0,0.0,382
WP131975,ALICE,1975,0,0.0,0.0,0,0.0,0,0.0,0.0,0,0,9,0.0,0.0,0.0,0.0,383
WP011975,LOLA,1975,0,0.0,0.0,0,0.0,0,0.0,0.0,0,0,7,0.0,0.0,0.0,0.0,384
WP331974,IRMA,1974,0,0.0,0.0,0,0.0,0,0.0,0.0,0,0,11,0.0,0.0,0.0,0.0,385
WP311974,GLORIA,1974,0,0.0,0.0,0,0.0,0,0.0,0.0,0,0,13,0.0,0.0,0.0,0.0,386
WP291974,ELAINE,1974,0,0.0,0.0,0,0.0,0,0.0,0.0,0,0,10,0.0,0.0,0.0,0.0,387
WP281974,DELLA,1974,0,0.0,0.0,0,0.0,0,0.0,0.0,0,0,15,0.0,0.0,0.0,0.0,388
WP271974,CARMEN,1974,0,0.0,0.0,0,0.0,0,0.0,0.0,0,0,11,0.0,0.0,0.0,0.0,389
WP121974,IVY,1974,0,0.0,0.0,0,0.0,0,0.0,0.0,0,0,9,0.0,0.0,0.0,0.0,390
WP121977,DINAH,1977,0,0.0,0.0,0,0.0,0,0.0,0.0,0,0,28,0.0,0.0,0.0,0.0,391
WP061974,DINAH,1974,0,0.0,0.0,0,0.0,0,0.0,0.0,0,0,13,0.0,0.0,0.0,0.0,392
WP201973,RUTH,1973,0,0.0,0.0,0,0.0,0,0.0,0.0,0,0,10,0.0,0.0,0.0,0.0,393
WP191973,PATSY,1973,0,0.0,0.0,0,0.0,0,0.0,0.0,0,0,8,0.0,0.0,0.0,0.0,394
WP171973,NORA,1973,0,0.0,0.0,0,0.0,0,0.0,0.0,0,0,15,0.0,0.0,0.0,0.0,395
WP151973,LOUISE,1973,0,0.0,0.0,0,0.0,0,0.0,0.0,0,0,13,0.0,0.0,0.0,0.0,396
WP041973,BILLIE,1973,0,0.0,0.0,0,0.0,0,0.0,0.0,0,0,11,0.0,0.0,0.0,0.0,397
WP311972,THERESE,1972,0,0.0,0.0,0,0.0,0,0.0,0.0,0,0,19,0.0,0.0,0.0,0.0,398
WP281972,PAMELA,1972,0,0.0,0.0,0,0.0,0,0.0,0.0,0,0,9,0.0,0.0,0.0,0.0,399
WP141972,BETTY,1972,0,0.0,0.0,0,0.0,0,0.0,0.0,0,0,3,0.0,0.0,0.0,0.0,400
WP091972,SUSAN,1972,0,0.0,0.0,0,0.0,0,0.0,0.0,0,0,33,0.0,0.0,0.0,0.0,401
WP061972,ORA,1972,0,0.0,0.0,0,0.0,0,0.0,0.0,0,0,8,0.0,0.0,0.0,0.0,402
WP011972,KIT,1972,0,0.0,0.0,0,0.0,0,0.0,0.0,0,0,16,0.0,0.0,0.0,0.0,403
WP101977,BABE,1977,0,0.0,0.0,0,0.0,0,0.0,0.0,0,0,5,0.0,0.0,0.0,0.0,404
WP191977,KIM,1977,0,0.0,0.0,0,0.0,0,0.0,0.0,0,0,19,0.0,0.0,0.0,0.0,405
WP041963,SHIRLEY,1963,0,0.0,0.0,0,0.0,0,0.0,0.0,0,0,3,0.0,0.0,0.0,0.0,406
WP041981,IKE,1981,0,0.0,0.0,0,0.0,0,0.0,0.0,0,0,5,0.0,0.0,0.0,0.0,407
WP271982,PAMELA,1982,0,0.0,0.0,0,0.0,0,0.0,0.0,0,0,10,0.0,0.0,0.0,0.0,408
WP241982,NANCY,1982,0,0.0,0.0,0,0.0,0,0.0,0.0,0,0,10,0.0,0.0,0.0,0.0,409
WP201982,KEN,1982,0,0.0,0.0,0,0.0,0,0.0,0.0,0,0,15,0.0,0.0,0.0,0.0,410
WP151982,FAYE,1982,0,0.0,0.0,0,0.0,0,0.0,0.0,0,0,31,0.0,0.0,0.0,0.0,411
WP121982,CECIL,1982,0,0.0,0.0,0,0.0,0,0.0,0.0,0,0,15,0.0,0.0,0.0,0.0,412
WP101982,ANDY,1982,0,0.0,0.0,0,0.0,0,0.0,0.0,0,0,5,0.0,0.0,0.0,0.0,413
WP161945,HELEN,1945,0,0.0,0.0,0,0.0,0,0.0,0.0,0,0,6,0.0,0.0,0.0,0.0,414
WP291981,LEE,1981,0,0.0,0.0,0,0.0,0,0.0,0.0,0,0,10,0.0,0.0,0.0,0.0,415
WP261981,IRMA,1981,0,0.0,0.0,0,0.0,0,0.0,0.0,0,0,13,0.0,0.0,0.0,0.0,416
WP251981,HAZEN,1981,0,0.0,0.0,0,0.0,0,0.0,0.0,0,0,10,0.0,0.0,0.0,0.0,417
WP201981,CLARA,1981,0,0.0,0.0,0,0.0,0,0.0,0.0,0,0,14,0.0,0.0,0.0,0.0,418
WP051981,JUNE,1981,0,0.0,0.0,0,0.0,0,0.0,0.0,0,0,7,0.0,0.0,0.0,0.0,419
WP251980,BETTY,1980,0,0.0,0.0,0,0.0,0,0.0,0.0,0,0,14,0.0,0.0,0.0,0.0,420
WP021978,OLIVE,1978,0,0.0,0.0,0,0.0,0,0.0,0.0,0,0,18,0.0,0.0,0.0,0.0,421
WP191980,PERCY,1980,0,0.0,0.0,0,0.0,0,0.0,0.0,0,0,12,0.0,0.0,0.0,0.0,422
WP111980,KIM,1980,0,0.0,0.0,0,0.0,0,0.0,0.0,0,0,14,0.0,0.0,0.0,0.0,423
WP091980,JOE,1980,0,0.0,0.0,0,0.0,0,0.0,0.0,0,0,7,0.0,0.0,0.0,0.0,424
WP031980,DOM,1980,0,0.0,0.0,0,0.0,0,0.0,0.0,0,0,34,0.0,0.0,0.0,0.0,425
WP241979,VERA,1979,0,0.0,0.0,0,0.0,0,0.0,0.0,0,0,12,0.0,0.0,0.0,0.0,426
WP221979,SARAH,1979,0,0.0,0.0,0,0.0,0,0.0,0.0,0,0,41,0.0,0.0,0.0,0.0,427
WP171979,MAC,1979,0,0.0,0.0,0,0.0,0,0.0,0.0,0,0,25,0.0,0.0,0.0,0.0,428
WP121979,IRVING,1979,0,0.0,0.0,0,0.0,0,0.0,0.0,0,0,7,0.0,0.0,0.0,0.0,429
WP091979,HOPE,1979,0,0.0,0.0,0,0.0,0,0.0,0.0,0,0,7,0.0,0.0,0.0,0.0,430
WP061979,ELLIS,1979,0,0.0,0.0,0,0.0,0,0.0,0.0,0,0,12,0.0,0.0,0.0,0.0,431
WP031979,CECIL,1979,0,0.0,0.0,0,0.0,0,0.0,0.0,0,0,20,0.0,0.0,0.0,0.0,432
WP241978,ORA,1978,0,0.0,0.0,0,0.0,0,0.0,0.0,0,0,4,0.0,0.0,0.0,0.0,433
WP341971,IRMA,1971,0,0.0,0.0,0,0.0,0,0.0,0.0,0,0,4,0.0,0.0,0.0,0.0,434
WP331971,HESTER,1971,0,0.0,0.0,0,0.0,0,0.0,0.0,0,0,8,0.0,0.0,0.0,0.0,435
WP311971,FAYE(GLORIA):GLORIA,1971,0,0.0,0.0,0,0.0,0,0.0,0.0,0,0,18,0.0,0.0,0.0,0.0,436
WP221964,TILDA,1964,0,0.0,0.0,0,0.0,0,0.0,0.0,0,0,9,0.0,0.0,0.0,0.0,437
WP031966,JUDY,1966,0,0.0,0.0,0,0.0,0,0.0,0.0,0,0,20,0.0,0.0,0.0,0.0,438
WP021966,IRMA,1966,0,0.0,0.0,0,0.0,0,0.0,0.0,0,0,27,0.0,0.0,0.0,0.0,439
WP011966,HESTER,1966,0,0.0,0.0,0,0.0,0,0.0,0.0,0,0,16,0.0,0.0,0.0,0.0,440
WP331965,FAYE,1965,0,0.0,0.0,0,0.0,0,0.0,0.0,0,0,4,0.0,0.0,0.0,0.0,441
WP231965,ROSE,1965,0,0.0,0.0,0,0.0,0,0.0,0.0,0,0,12,0.0,0.0,0.0,0.0,442
WP141965,HARRIET,1965,0,0.0,0.0,0,0.0,0,0.0,0.0,0,0,3,0.0,0.0,0.0,0.0,443
WP121965,FREDA,1965,0,0.0,0.0,0,0.0,0,0.0,0.0,0,0,9,0.0,0.0,0.0,0.0,444
WP101965,DINAH,1965,0,0.0,0.0,0,0.0,0,0.0,0.0,0,0,9,0.0,0.0,0.0,0.0,445
WP071965,AMY,1965,0,0.0,0.0,0,0.0,0,0.0,0.0,0,0,15,0.0,0.0,0.0,0.0,446
WP391964,OPAL,1964,0,0.0,0.0,0,0.0,0,0.0,0.0,0,0,12,0.0,0.0,0.0,0.0,447
WP281964,DOT,1964,0,0.0,0.0,0,0.0,0,0.0,0.0,0,0,15,0.0,0.0,0.0,0.0,448
WP271964,CLARA,1964,0,0.0,0.0,0,0.0,0,0.0,0.0,0,0,9,0.0,0.0,0.0,0.0,449
WP211964,SALLY,1964,0,0.0,0.0,0,0.0,0,0.0,0.0,0,0,10,0.0,0.0,0.0,0.0,450
WP301971,ELAINE,1971,0,0.0,0.0,0,0.0,0,0.0,0.0,0,0,12,0.0,0.0,0.0,0.0,451
WP201964,RUBY,1964,0,0.0,0.0,0,0.0,0,0.0,0.0,0,0,12,0.0,0.0,0.0,0.0,452
WP121964,IDA,1964,0,0.0,0.0,0,0.0,0,0.0,0.0,0,0,10,0.0,0.0,0.0,0.0,453
WP081964,ELSIE,1964,0,0.0,0.0,0,0.0,0,0.0,0.0,0,0,9,0.0,0.0,0.0,0.0,454
WP071964,DORIS,1964,0,0.0,0.0,0,0.0,0,0.0,0.0,0,0,3,0.0,0.0,0.0,0.0,455
WP061964,CORA,1964,0,0.0,0.0,0,0.0,0,0.0,0.0,0,0,4,0.0,0.0,0.0,0.0,456
WP031964,WINNIE,1964,0,0.0,0.0,0,0.0,0,0.0,0.0,0,0,10,0.0,0.0,0.0,0.0,457
WP231963,PHYLLIS,1963,0,0.0,0.0,0,0.0,0,0.0,0.0,0,0,8,0.0,0.0,0.0,0.0,458
WP131963,FAYE,1963,0,0.0,0.0,0,0.0,0,0.0,0.0,0,0,10,0.0,0.0,0.0,0.0,459
WP101963,CARMEN,1963,0,0.0,0.0,0,0.0,0,0.0,0.0,0,0,13,0.0,0.0,0.0,0.0,460
WP081963,AGNES,1963,0,0.0,0.0,0,0.0,0,0.0,0.0,0,0,10,0.0,0.0,0.0,0.0,461
WP071963,WENDY,1963,0,0.0,0.0,0,0.0,0,0.0,0.0,0,0,4,0.0,0.0,0.0,0.0,462
WP051963,TRIX,1963,0,0.0,0.0,0,0.0,0,0.0,0.0,0,0,18,0.0,0.0,0.0,0.0,463
WP061966,MAMIE,1966,0,0.0,0.0,0,0.0,0,0.0,0.0,0,0,8,0.0,0.0,0.0,0.0,464
WP111966,SUSAN,1966,0,0.0,0.0,0,0.0,0,0.0,0.0,0,0,12,0.0,0.0,0.0,0.0,465
WP191966,ELSIE,1966,0,0.0,0.0,0,0.0,0,0.0,0.0,0,0,16,0.0,0.0,0.0,0.0,466
WP301966,PAMELA,1966,0,0.0,0.0,0,0.0,0,0.0,0.0,0,0,16,0.0,0.0,0.0,0.0,467
WP181971,NADINE,1971,0,0.0,0.0,0,0.0,0,0.0,0.0,0,0,5,0.0,0.0,0.0,0.0,468
WP161971,LUCY,1971,0,0.0,0.0,0,0.0,0,0.0,0.0,0,0,13,0.0,0.0,0.0,0.0,469
WP151971,JEAN,1971,0,0.0,0.0,0,0.0,0,0.0,0.0,0,0,9,0.0,0.0,0.0,0.0,470
WP121971,HARRIET,1971,0,0.0,0.0,0,0.0,0,0.0,0.0,0,0,8,0.0,0.0,0.0,0.0,471
WP111971,GILDA,1971,0,0.0,0.0,0,0.0,0,0.0,0.0,0,0,9,0.0,0.0,0.0,0.0,472
WP101971,FREDA,1971,0,0.0,0.0,0,0.0,0,0.0,0.0,0,0,10,0.0,0.0,0.0,0.0,473
WP081971,DINAH,1971,0,0.0,0.0,0,0.0,0,0.0,0.0,0,0,9,0.0,0.0,0.0,0.0,474
WP031971,VERA,1971,0,0.0,0.0,0,0.0,0,0.0,0.0,0,0,11,0.0,0.0,0.0,0.0,475
WP231970,PATSY,1970,0,0.0,0.0,0,0.0,0,0.0,0.0,0,0,8,0.0,0.0,0.0,0.0,476
WP141970,GEORGIA,1970,0,0.0,0.0,0,0.0,0,0.0,0.0,0,0,14,0.0,0.0,0.0,0.0,477
WP021970,OLGA,1970,0,0.0,0.0,0,0.0,0,0.0,0.0,0,0,5,0.0,0.0,0.0,0.0,478
WP011970,NANCY,1970,0,0.0,0.0,0,0.0,0,0.0,0.0,0,0,12,0.0,0.0,0.0,0.0,479
WP051969,VIOLA,1969,0,0.0,0.0,0,0.0,0,0.0,0.0,0,0,10,0.0,0.0,0.0,0.0,480
WP031969,SUSAN,1969,0,0.0,0.0,0,0.0,0,0.0,0.0,0,0,12,0.0,0.0,0.0,0.0,481
WP271968,ORA,1968,0,0.0,0.0,0,0.0,0,0.0,0.0,0,0,7,0.0,0.0,0.0,0.0,482
WP251968,MAMIE,1968,0,0.0,0.0,0,0.0,0,0.0,0.0,0,0,12,0.0,0.0,0.0,0.0,483
WP171968,ELAINE,1968,0,0.0,0.0,0,0.0,0,0.0,0.0,0,0,18,0.0,0.0,0.0,0.0,484
WP151968,DELLA,1968,0,0.0,0.0,0,0.0,0,0.0,0.0,0,0,3,0.0,0.0,0.0,0.0,485
WP121968,WENDY,1968,0,0.0,0.0,0,0.0,0,0.0,0.0,0,0,14,0.0,0.0,0.0,0.0,486
WP331967,GILDA,1967,0,0.0,0.0,0,0.0,0,0.0,0.0,0,0,7,0.0,0.0,0.0,0.0,487
WP321967,FREDA,1967,0,0.0,0.0,0,0.0,0,0.0,0.0,0,0,6,0.0,0.0,0.0,0.0,488
WP181967,MARGE,1967,0,0.0,0.0,0,0.0,0,0.0,0.0,0,0,10,0.0,0.0,0.0,0.0,489
WP071967,BILLIE,1967,0,0.0,0.0,0,0.0,0,0.0,0.0,0,0,5,0.0,0.0,0.0,0.0,490
WP061967,ANITA,1967,0,0.0,0.0,0,0.0,0,0.0,0.0,0,0,11,0.0,0.0,0.0,0.0,491
WP021967,SALLY,1967,0,0.0,0.0,0,0.0,0,0.0,0.0,0,0,6,0.0,0.0,0.0,0.0,492
WP012024,EWINIAR,2024,0,0.0,0.0,0,0.0,0,0.0,0.0,0,0,27,0.0,0.0,0.0,0.0,493
