storm_id,storm_name,year,peak_t,peak_affected_population_proxy,peak_affected_population_share_proxy,peak_n_unserved_buses,peak_unserved_bus_share,peak_n_failed_lines_cumulative,peak_failed_line_share_cumulative,final_affected_population_proxy,final_n_unserved_buses,final_n_failed_lines_cumulative,n_timesteps,peak_affected_population_proxy_norm,peak_n_failed_lines_norm,peak_n_unserved_buses_norm,grid_impact_index_v5r_stoch,rank_index
WP201995,SIBYL,1995,11,44084144.73470132,0.2852321534233784,29,0.1510416666666666,40,0.1694915254237288,44084144.73470132,29,40,12,1.0,0.8163265306122449,0.8529411764705882,0.9320228091236494,1
WP161951,AMY,1951,26,28474710.436636254,0.1842363739804089,34,0.1770833333333333,36,0.1525423728813559,28474710.436636254,34,36,31,0.6459172704380963,0.7346938775510204,1.0,0.7212238316506129,2
WP182006,XANGSANE,2006,11,16655797.22243917,0.1077659312056434,18,0.09375,49,0.2076271186440678,16655797.22243917,18,49,14,0.3778183136516285,1.0,0.5294117647058824,0.5561027528968594,3
WP291995,ANGELA,1995,9,16494136.81305027,0.1067199599846796,17,0.0885416666666666,40,0.1694915254237288,16494136.81305027,17,40,10,0.3741512263039716,0.8163265306122449,0.5,0.5035723684354442,4
WP072008,FENGSHEN,2008,14,21544609.726079985,0.139397406115464,11,0.0572916666666666,29,0.1228813559322034,21544609.726079985,11,29,17,0.4887156109239635,0.5918367346938775,0.3235294117647059,0.4897179619925533,5
WP312013,HAIYAN,2013,5,19320824.777910635,0.1250091272153282,18,0.09375,23,0.097457627118644,19320824.777910635,18,23,6,0.4382715122224438,0.4693877551020408,0.5294117647058824,0.4597216108148589,6
WP312000,BEBINCA,2000,20,13851998.298055172,0.089624860084019,12,0.0625,42,0.1779661016949152,13851998.298055172,12,42,22,0.3142172402666898,0.8571428571428571,0.3529411764705882,0.4557572349163163,7
WP201998,BABS,1998,20,13715849.78843856,0.088743955332049,12,0.0625,31,0.1313559322033898,13715849.78843856,12,31,25,0.3111288621108708,0.6326530612244898,0.3529411764705882,0.3977817590432331,8
WP182022,NORU,2022,19,15335792.40102762,0.0992252683436034,8,0.0416666666666666,29,0.1228813559322034,15335792.40102762,8,29,20,0.3478754661867327,0.5918367346938775,0.2352941176470588,0.3919785810325678,9
WP031983,VERA,1983,10,16223475.001727462,0.1049687305629073,12,0.0625,17,0.0720338983050847,16223475.001727462,12,17,12,0.3680115628727844,0.3469387755102041,0.3529411764705882,0.3604828080718099,10
WP092014,RAMMASUN,2014,8,14821213.212600112,0.0958958506832332,10,0.0520833333333333,22,0.0932203389830508,14821213.212600112,10,22,9,0.3362028071950646,0.4489795918367347,0.2941176470588235,0.3580842293350459,11
WP271990,MIKE,1990,5,15842940.962872269,0.1025066085458701,16,0.0833333333333333,13,0.0550847457627118,15842940.962872269,16,13,8,0.3593795696438071,0.2653061224489796,0.4705882352941176,0.3525425076926468,12
WP302000,XANGSANE,2000,16,14715042.978620172,0.0952089106359711,9,0.046875,21,0.0889830508474576,14715042.978620172,9,21,18,0.3337944530210441,0.4285714285714285,0.2647058823529412,0.3471254113084248,13
WP021966,IRMA,1966,22,14206855.160702154,0.091920846264515,9,0.046875,19,0.0805084745762711,14206855.160702154,9,19,27,0.3222667751909241,0.3877551020408163,0.2647058823529412,0.3300047229776998,14
WP171970,JOAN,1970,8,12044643.600361228,0.0779309579900693,10,0.0520833333333333,23,0.097457627118644,12044643.600361228,10,23,12,0.2732194005996027,0.4693877551020408,0.2941176470588235,0.3253962261940954,15
WP311967,EMMA,1967,9,12205710.397006392,0.0789730884323992,10,0.0520833333333333,22,0.0932203389830508,12205710.397006392,10,22,11,0.2768730224995957,0.4489795918367347,0.2941176470588235,0.3224863585177646,16
WP302019,PHANFONE,2019,14,14405440.3363785,0.0932057272038414,12,0.0625,12,0.0508474576271186,14405440.3363785,12,12,16,0.3267714599675356,0.2448979591836734,0.3529411764705882,0.3102285422470279,17
WP271947,JEAN,1947,9,13713655.78657949,0.0887297597549624,10,0.0520833333333333,14,0.059322033898305,13713655.78657949,10,14,11,0.3110790936085607,0.2857142857142857,0.2941176470588235,0.3021936746525314,18
WP211959,FREDA,1959,12,14457033.983810872,0.0935395471576744,10,0.0520833333333333,11,0.0466101694915254,14457033.983810872,10,11,13,0.3279418047194382,0.2244897959183673,0.2941176470588235,0.2970051788700783,19
WP281995,ZACK,1995,9,12842394.047585247,0.0830925433928379,12,0.0625,13,0.0550847457627118,12842394.047585247,12,13,10,0.2913154859841528,0.2653061224489796,0.3529411764705882,0.2940569986733248,20
WP381994,AXEL,1994,16,13161679.108227178,0.0851583737713305,10,0.0520833333333333,9,0.0381355932203389,13161679.108227178,10,9,17,0.2985581139757673,0.1836734693877551,0.2941176470588235,0.2691708827912227,21
WP361964,LOUISE:MARGE,1964,12,9826932.839675426,0.0635819801490026,11,0.0572916666666666,17,0.0720338983050847,9826932.839675426,11,17,20,0.2229130881139687,0.3469387755102041,0.3235294117647059,0.2690119585106381,22
WP282021,RAI,2021,7,9437432.913905382,0.0610618472700679,11,0.0572916666666666,17,0.0720338983050847,9437432.913905382,11,17,9,0.2140777136700715,0.3469387755102041,0.3235294117647059,0.2637107338442998,23
WP021982,NELSON,1982,12,8470064.52486825,0.0548028040149638,12,0.0625,18,0.0762711864406779,8470064.52486825,12,18,18,0.1921340331278094,0.3673469387755102,0.3529411764705882,0.2600583310411514,24
WP191977,KIM,1977,16,6679308.167941034,0.0432162960988674,6,0.03125,27,0.1144067796610169,6679308.167941034,6,27,19,0.1515127084383094,0.5510204081632653,0.1764705882352941,0.2551333153390961,25
WP011972,KIT,1972,9,9906063.96543722,0.0640939724205932,12,0.0625,13,0.0550847457627118,9906063.96543722,12,13,16,0.2247080900639442,0.2653061224489796,0.3529411764705882,0.2540925611211996,26
WP271984,AGNES,1984,6,13161679.108227178,0.0851583737713305,10,0.0520833333333333,6,0.0254237288135593,13161679.108227178,10,6,7,0.2985581139757673,0.1224489795918367,0.2941176470588235,0.2538647603422431,27
WP241988,SKIP,1988,3,10733532.38601236,0.0694478383265978,12,0.0625,10,0.0423728813559322,10733532.38601236,12,10,8,0.2434782947612306,0.2040816326530612,0.3529411764705882,0.2500485614905919,28
WP222020,GONI,2020,7,11497227.778157592,0.0743890815461726,7,0.0364583333333333,12,0.0508474576271186,11497227.778157592,7,12,11,0.2608018789373818,0.2448979591836734,0.2058823529411764,0.2485879700995239,29
WP242006,DURIAN,2006,7,9064871.79017508,0.0586513114131756,6,0.03125,17,0.0720338983050847,9064871.79017508,6,17,13,0.2056265771906779,0.3469387755102041,0.1764705882352941,0.2365812284272519,30
WP051960,OLIVE,1960,9,11497227.778157592,0.0743890815461726,7,0.0364583333333333,9,0.0381355932203389,11497227.778157592,7,9,14,0.2608018789373818,0.1836734693877551,0.2058823529411764,0.2332818476505443,31
WP242015,KOPPU,2015,14,6250916.603286266,0.0404445274906697,5,0.0260416666666666,21,0.0889830508474576,6250916.603286266,5,21,18,0.141795120238905,0.4285714285714285,0.1470588235294117,0.2142787528156119,32
WP181952,TRIX,1952,7,9997372.447150111,0.064684754322375,7,0.0364583333333333,9,0.0381355932203389,8325644.457397938,5,9,12,0.2267793218472166,0.1836734693877551,0.2058823529411764,0.2128683133964452,33
WP201952,WILMA,1952,2,8527666.996075436,0.0551755021131986,9,0.046875,11,0.0466101694915254,8527666.996075436,9,11,8,0.1934406813922555,0.2244897959183673,0.2647058823529412,0.2118927401678863,34
WP262012,BOPHA,2012,8,5246079.847726166,0.0339430573282746,6,0.03125,21,0.0889830508474576,5246079.847726166,6,21,21,0.1190015112983842,0.4285714285714285,0.1764705882352941,0.2050143521571818,35
WP152010,MEGI,2010,19,6613849.457549453,0.0427927667542999,7,0.0364583333333333,16,0.0677966101694915,6613849.457549453,7,16,22,0.1500278500887709,0.3265306122448979,0.2058823529411764,0.2025317160556635,36
WP371993,NELL,1993,12,9329792.113461852,0.0603653923996946,7,0.0364583333333333,7,0.0296610169491525,9329792.113461852,7,7,13,0.2116360013244808,0.1428571428571428,0.2058823529411764,0.1935782394501506,37
WP231959,HARRIET,1959,7,8325644.457397938,0.0538683808319802,5,0.0260416666666666,8,0.0338983050847457,8325644.457397938,5,8,14,0.1888580238428515,0.1632653061224489,0.1470588235294117,0.1761899643657349,38
WP231970,PATSY,1970,7,4809810.117890358,0.0311203156086978,4,0.0208333333333333,18,0.0762711864406779,4809810.117890358,4,18,8,0.1091052156469367,0.3673469387755102,0.1176470588235294,0.174946922905569,39
WP231988,RUBY,1988,9,2967411.3327013254,0.0191996721182407,5,0.0260416666666666,18,0.0762711864406779,2967411.3327013254,5,18,11,0.067312439666443,0.3673469387755102,0.1470588235294117,0.1542830220231551,40
WP081971,DINAH,1971,8,6590938.75709343,0.0426445305014059,4,0.0208333333333333,8,0.0338983050847457,6590938.75709343,4,8,9,0.1495081462225873,0.1632653061224489,0.1176470588235294,0.148168273087694,41
WP282015,MELOR,2015,10,4588749.446650982,0.0296900142685157,3,0.015625,14,0.059322033898305,4588749.446650982,3,14,15,0.1040906991451486,0.2857142857142857,0.088235294117647,0.1471182850333076,42
WP302016,NOCK-TEN,2016,8,5758143.456968188,0.0372561987498179,4,0.0208333333333333,10,0.0423728813559322,5758143.456968188,4,10,13,0.1306171071622401,0.2040816326530612,0.1176470588235294,0.1470377312841388,43
WP222006,CIMARON,2006,11,5485861.878168464,0.0354944891481926,5,0.0260416666666666,9,0.0381355932203389,5485861.878168464,5,9,27,0.1244407010997359,0.1836734693877551,0.1470588235294117,0.1426416115361921,44
WP222014,HAGUPIT,2014,7,6027916.82186918,0.0390016797673142,4,0.0208333333333333,8,0.0338983050847457,6027916.82186918,4,8,19,0.1367366171703052,0.1632653061224489,0.1176470588235294,0.1405053556563247,45
WP312018,YUTU,2018,18,4757142.7204013765,0.0307795483035501,4,0.0208333333333333,11,0.0466101694915254,4757142.7204013765,4,11,20,0.1079105140641809,0.2244897959183673,0.1176470588235294,0.1385158162416298,46
WP171956,JEAN,1956,10,4993963.691892028,0.0323118215523701,4,0.0208333333333333,9,0.0381355932203389,4993963.691892028,4,9,12,0.1132825355225951,0.1836734693877551,0.1176470588235294,0.1315349474840252,47
WP191957,KIT,1957,12,5056686.14024961,0.0327176468013499,4,0.0208333333333333,8,0.0338983050847457,5056686.14024961,4,8,20,0.1147053247983097,0.1632653061224489,0.1176470588235294,0.1272865802331274,48
WP231956,POLLY,1956,9,5758143.456968188,0.0372561987498179,4,0.0208333333333333,6,0.0254237288135593,5758143.456968188,4,6,12,0.1306171071622401,0.1224489795918367,0.1176470588235294,0.1266295680188326,49
WP251987,PHYLLIS,1987,7,5182431.059165284,0.0335312384956021,5,0.0260416666666666,6,0.0254237288135593,5182431.059165284,5,6,14,0.117557709021082,0.1224489795918367,0.1470588235294117,0.1232056938400201,50
WP131984,IKE,1984,9,4228009.810521841,0.0273559655111336,5,0.0260416666666666,7,0.0296610169491525,4228009.810521841,5,7,11,0.0959077200196586,0.1428571428571428,0.1470588235294117,0.1153177412554926,51
WP021994,OWEN,1994,9,3345235.9369101524,0.0216442636175965,4,0.0208333333333333,10,0.0423728813559322,3345235.9369101524,4,10,24,0.0758829723711734,0.2040816326530612,0.1176470588235294,0.1141972504094988,52
WP221959,GILDA,1959,10,5182431.059165284,0.0335312384956021,5,0.0260416666666666,4,0.0169491525423728,5182431.059165284,5,4,12,0.117557709021082,0.0816326530612244,0.1470588235294117,0.1130016122073671,53
WP012020,VONGFONG,2020,11,3751868.474121392,0.0242752474994155,4,0.0208333333333333,8,0.0338983050847457,3751868.474121392,4,8,16,0.0851069811312017,0.1632653061224489,0.1176470588235294,0.1095275740328627,54
WP151951,WANDA,1951,12,4752854.2294109315,0.0307518010141901,4,0.0208333333333333,5,0.0211864406779661,4752854.2294109315,4,5,13,0.1078132343955778,0.1020408163265306,0.1176470588235294,0.1078452035425087,55
WP221960,KIT,1960,8,4588749.446650982,0.0296900142685157,3,0.015625,6,0.0254237288135593,4588749.446650982,3,6,17,0.1040906991451486,0.1224489795918367,0.088235294117647,0.1063019585026954,56
WP231987,NINA,1987,5,3252355.382171631,0.0210433101274322,3,0.015625,9,0.0381355932203389,3252355.382171631,3,9,8,0.0737760798523897,0.1836734693877551,0.088235294117647,0.1034193093760196,57
WP031962,HOPE,1962,14,5182431.059165284,0.0335312384956021,5,0.0260416666666666,2,0.0084745762711864,5182431.059165284,5,2,18,0.117557709021082,0.0408163265306122,0.1470588235294117,0.102797530574714,58
WP222011,NALGAE,2011,5,5056686.14024961,0.0327176468013499,4,0.0208333333333333,3,0.0127118644067796,5056686.14024961,4,3,10,0.1147053247983097,0.0612244897959183,0.1176470588235294,0.1017763761514948,59
WP101946,OPAL,1946,7,5056686.14024961,0.0327176468013499,4,0.0208333333333333,3,0.0127118644067796,5056686.14024961,4,3,8,0.1147053247983097,0.0612244897959183,0.1176470588235294,0.1017763761514948,60
WP292019,KAMMURI,2019,6,4588749.446650982,0.0296900142685157,3,0.015625,5,0.0211864406779661,4588749.446650982,3,5,12,0.1040906991451486,0.1020408163265306,0.088235294117647,0.1011999176863688,61
WP211953,CORA,1953,18,3358329.158587277,0.021728979059774,2,0.0104166666666666,9,0.0381355932203389,3358329.158587277,2,9,19,0.0761799776041414,0.1836734693877551,0.0588235294117647,0.1004498833211883,62
WP181970,KATE,1970,10,2892722.77664423,0.0187164240523328,2,0.0104166666666666,10,0.0423728813559322,2892722.77664423,2,10,20,0.0656182124900608,0.2040816326530612,0.0588235294117647,0.0992148650690665,63
WP021978,OLIVE,1978,3,3345235.9369101524,0.0216442636175965,5,0.0260416666666666,6,0.0254237288135593,3345235.9369101524,5,6,18,0.0758829723711734,0.1224489795918367,0.1470588235294117,0.098200851850075,64
WP252006,UTOR,2006,11,5326844.791516423,0.0344656206892528,2,0.0104166666666666,3,0.0127118644067796,5326844.791516423,2,3,13,0.1208335746008777,0.0612244897959183,0.0588235294117647,0.0966297966212709,65
WP351993,LOLA,1993,9,1559242.347495079,0.0100885716431934,3,0.015625,12,0.0508474576271186,1559242.347495079,3,12,12,0.0353696857879087,0.2448979591836734,0.088235294117647,0.0956815953863106,66
WP201947,CATHY,1947,3,3696377.917110026,0.0239162138566791,2,0.0104166666666666,7,0.0296610169491525,3696377.917110026,2,7,13,0.0838482393013373,0.1428571428571428,0.0588235294117647,0.0948467587068528,67
WP211947,DORA,1947,16,1856706.7371480763,0.0120132184507498,3,0.015625,11,0.0466101694915254,1856706.7371480763,3,11,18,0.04211733602459,0.2244897959183673,0.088235294117647,0.0946281447119928,68
WP052008,HALONG,2008,18,2521507.814537049,0.0163145980974003,2,0.0104166666666666,10,0.0423728813559322,2521507.814537049,2,10,19,0.0571976121962102,0.2040816326530612,0.0588235294117647,0.0941625048927561,69
WP281962,LUCY,1962,7,3775600.35026598,0.024428796903135,5,0.0260416666666666,4,0.0169491525423728,3775600.35026598,5,4,8,0.0856453124584262,0.0816326530612244,0.1470588235294117,0.0938541742697736,70
WP241952,DELLA,1952,11,3358329.158587277,0.021728979059774,2,0.0104166666666666,7,0.0296610169491525,3358329.158587277,2,7,16,0.0761799776041414,0.1428571428571428,0.0588235294117647,0.0902458016885352,71
WP281978,RITA,1978,8,2774997.497795403,0.0179547208368004,2,0.0104166666666666,8,0.0338983050847457,2774997.497795403,2,8,9,0.0629477449204324,0.1632653061224489,0.0588235294117647,0.0874085028946363,72
WP031951,IRIS,1951,10,2815353.5528185964,0.0182158315954918,3,0.015625,7,0.0296610169491525,2815353.5528185964,3,7,18,0.063863177334196,0.1428571428571428,0.088235294117647,0.0872674862324504,73
WP031952,EMMA,1952,8,3116134.8732585907,0.0201619395273781,2,0.0104166666666666,7,0.0296610169491525,3116134.8732585907,2,7,12,0.0706860684722707,0.1428571428571428,0.0588235294117647,0.0869494562094128,74
WP091987,BETTY,1987,3,2229827.26023674,0.0144273737196681,2,0.0104166666666666,9,0.0381355932203389,2229827.26023674,2,9,10,0.0505811618588918,0.1836734693877551,0.0588235294117647,0.0850905938740385,75
WP232006,CHEBI,2006,6,1686418.1751303673,0.0109114215679933,2,0.0104166666666666,10,0.0423728813559322,1686418.1751303673,2,10,10,0.0382545285902503,0.2040816326530612,0.0588235294117647,0.0827966547291802,76
WP131954,NANCY,1954,7,2731673.5851630867,0.017674407518504,2,0.0104166666666666,7,0.0296610169491525,2731673.5851630867,2,7,9,0.0619649899437159,0.1428571428571428,0.0588235294117647,0.0817168090922799,77
WP111998,VICKI,1998,13,267835.4151992798,0.0017329421428062,1,0.0052083333333333,14,0.059322033898305,267835.4151992798,1,14,18,0.0060755497653661,0.2857142857142857,0.0294117647058823,0.0794856659936734,78
WP112013,UTOR,2013,6,1427530.9992292223,0.0092363761039071,2,0.0104166666666666,10,0.0423728813559322,1427530.9992292223,2,10,9,0.0323819597231638,0.2040816326530612,0.0588235294117647,0.0792731134089283,79
WP031964,WINNIE,1964,9,1691973.3228616714,0.0109473643487713,3,0.015625,8,0.0338983050847457,1691973.3228616714,3,8,10,0.0383805409641942,0.1632653061224489,0.088235294117647,0.0770799452267758,80
WP262022,NALGAE,2022,17,487412.2877216339,0.003153643044875,2,0.0104166666666666,12,0.0508474576271186,487412.2877216339,2,12,33,0.0110564079365695,0.2448979591836734,0.0588235294117647,0.0766818639696248,81
WP252020,VAMCO,2020,9,389384.9829298258,0.0025193891785854,2,0.0104166666666666,12,0.0508474576271186,389384.9829298258,2,12,11,0.0088327670928663,0.2448979591836734,0.0588235294117647,0.0753476794634028,82
WP121950,OSSIA,1950,11,3358329.158587277,0.021728979059774,2,0.0104166666666666,4,0.0169491525423728,3358329.158587277,2,4,15,0.0761799776041414,0.0816326530612244,0.0588235294117647,0.0749396792395556,83
WP011975,LOLA,1975,6,3345235.9369101524,0.0216442636175965,4,0.0208333333333333,2,0.0084745762711864,3345235.9369101524,4,2,7,0.0758829723711734,0.0408163265306122,0.1176470588235294,0.0733809238788865,84
WP211971,ROSE,1971,8,2731673.5851630867,0.017674407518504,2,0.0104166666666666,5,0.0211864406779661,2731673.5851630867,2,5,10,0.0619649899437159,0.1020408163265306,0.0588235294117647,0.0715127274596269,85
WP092003,IMBUDO,2003,6,3358329.158587277,0.021728979059774,2,0.0104166666666666,3,0.0127118644067796,3358329.158587277,2,3,8,0.0761799776041414,0.0612244897959183,0.0588235294117647,0.0698376384232291,86
WP181998,ZEB,1998,5,3358329.158587277,0.021728979059774,2,0.0104166666666666,3,0.0127118644067796,3358329.158587277,2,3,11,0.0761799776041414,0.0612244897959183,0.0588235294117647,0.0698376384232291,87
WP061946,INGRID,1946,6,2117531.6196603477,0.0137008012166873,1,0.0052083333333333,7,0.0296610169491525,2117531.6196603477,1,7,12,0.0480338596201347,0.1428571428571428,0.0294117647058823,0.0689463661922489,88
WP251968,MAMIE,1968,6,3345235.9369101524,0.0216442636175965,4,0.0208333333333333,1,0.0042372881355932,3345235.9369101524,4,1,12,0.0758829723711734,0.0204081632653061,0.1176470588235294,0.06827888306256,89
WP022005,ROKE,2005,5,3345235.9369101524,0.0216442636175965,4,0.0208333333333333,1,0.0042372881355932,3345235.9369101524,4,1,6,0.0758829723711734,0.0204081632653061,0.1176470588235294,0.06827888306256,90
WP081989,GORDON,1989,9,2164022.0039277077,0.0140016021621941,3,0.015625,5,0.0211864406779661,2164022.0039277077,3,5,10,0.0490884424990165,0.1020408163265306,0.088235294117647,0.0681985636986896,91
WP031979,CECIL,1979,14,2508779.3378691673,0.0162322426194472,3,0.015625,4,0.0169491525423728,2508779.3378691673,3,4,20,0.0569088807998208,0.0816326530612244,0.088235294117647,0.0677887858628456,92
WP111971,GILDA,1971,7,3384417.577397868,0.0218977757081276,2,0.0104166666666666,2,0.0084745762711864,3384417.577397868,2,2,9,0.076771764491867,0.0408163265306122,0.0588235294117647,0.0650906697395379,93
WP152012,TEMBIN,2012,14,4008819.4451709986,0.0259377653782985,1,0.0052083333333333,1,0.0042372881355932,4008819.4451709986,1,1,24,0.0909356293355831,0.0204081632653061,0.0294117647058823,0.0640751831235587,94
WP321996,ABEL:BETH,1996,7,2117531.6196603477,0.0137008012166873,1,0.0052083333333333,6,0.0254237288135593,2117531.6196603477,1,6,15,0.0480338596201347,0.1224489795918367,0.0294117647058823,0.0638443253759224,95
WP041967,VIOLET,1967,5,2117531.6196603477,0.0137008012166873,1,0.0052083333333333,6,0.0254237288135593,2117531.6196603477,1,6,17,0.0480338596201347,0.1224489795918367,0.0294117647058823,0.0638443253759224,96
WP101987,CARY,1987,17,2454927.51186049,0.0158838118539038,3,0.015625,3,0.0127118644067796,2454927.51186049,3,3,19,0.0556873117678535,0.0612244897959183,0.088235294117647,0.0619538036273387,97
WP141956,GILDA,1956,8,2327941.2650969625,0.0150621885506167,1,0.0052083333333333,5,0.0211864406779661,2327941.2650969625,1,5,17,0.0528067693976264,0.1020408163265306,0.0294117647058823,0.0616060304260908,98
WP071976,RUBY,1976,3,2327941.2650969625,0.0150621885506167,1,0.0052083333333333,5,0.0211864406779661,2327941.2650969625,1,5,31,0.0528067693976264,0.1020408163265306,0.0294117647058823,0.0616060304260908,99
WP311972,THERESE,1972,9,2378055.566427946,0.015386436875541,2,0.0104166666666666,4,0.0169491525423728,2378055.566427946,2,4,19,0.0539435568215988,0.0816326530612244,0.0588235294117647,0.0615978267700301,100
WP202011,NESAT,2011,8,726656.9216594696,0.0047015978150934,2,0.0104166666666666,8,0.0338983050847457,726656.9216594696,2,8,10,0.0164834074933855,0.1632653061224489,0.0588235294117647,0.0595299004384082,101
WP061957,WENDY,1957,7,2117531.6196603477,0.0137008012166873,1,0.0052083333333333,5,0.0211864406779661,2117531.6196603477,1,5,12,0.0480338596201347,0.1020408163265306,0.0294117647058823,0.0587422845595958,102
WP141955,KATE,1955,10,2117531.6196603477,0.0137008012166873,1,0.0052083333333333,5,0.0211864406779661,2117531.6196603477,1,5,11,0.0480338596201347,0.1020408163265306,0.0294117647058823,0.0587422845595958,103
WP061951,LOUISE,1951,7,2117531.6196603477,0.0137008012166873,1,0.0052083333333333,5,0.0211864406779661,2117531.6196603477,1,5,13,0.0480338596201347,0.1020408163265306,0.0294117647058823,0.0587422845595958,104
WP141957,GLORIA,1957,5,2117531.6196603477,0.0137008012166873,1,0.0052083333333333,4,0.0169491525423728,2117531.6196603477,1,4,10,0.0480338596201347,0.0816326530612244,0.0294117647058823,0.0536402437432693,105
WP291967,CARLA,1967,7,2117531.6196603477,0.0137008012166873,1,0.0052083333333333,4,0.0169491525423728,2117531.6196603477,1,4,12,0.0480338596201347,0.0816326530612244,0.0294117647058823,0.0536402437432693,106
WP071986,PEGGY,1986,11,2117531.6196603477,0.0137008012166873,1,0.0052083333333333,4,0.0169491525423728,2117531.6196603477,1,4,14,0.0480338596201347,0.0816326530612244,0.0294117647058823,0.0536402437432693,107
WP251991,RUTH,1991,12,2117531.6196603477,0.0137008012166873,1,0.0052083333333333,4,0.0169491525423728,2117531.6196603477,1,4,19,0.0480338596201347,0.0816326530612244,0.0294117647058823,0.0536402437432693,108
WP301993,IRA,1993,9,597024.6035888493,0.0038628539660505,1,0.0052083333333333,8,0.0338983050847457,597024.6035888493,1,8,13,0.0135428419260881,0.1632653061224489,0.0294117647058823,0.0533537963921474,109
WP061972,ORA,1972,7,2002189.3104424477,0.0129545162328901,1,0.0052083333333333,4,0.0169491525423728,2002189.3104424477,1,4,8,0.0454174470774387,0.0816326530612244,0.0294117647058823,0.0520703962176517,110
WP341994,TERESA,1994,11,108820.66070079803,0.0007040887733092,1,0.0052083333333333,9,0.0381355932203389,108820.66070079803,1,9,13,0.0024684761688285,0.1836734693877551,0.0294117647058823,0.0518112177541182,111
WP141970,GEORGIA,1970,6,830506.3956403732,0.0053735221378565,1,0.0052083333333333,7,0.0296610169491525,830506.3956403732,1,7,14,0.0188391177970757,0.1428571428571428,0.0294117647058823,0.0514295210984134,112
WP271986,MARGE,1986,8,1441926.0728600023,0.0093295147567063,1,0.0052083333333333,5,0.0211864406779661,1441926.0728600023,1,5,10,0.032708496025896,0.1020408163265306,0.0294117647058823,0.0495470664030526,113
WP101963,CARMEN,1963,11,597024.6035888493,0.0038628539660505,1,0.0052083333333333,7,0.0296610169491525,597024.6035888493,1,7,13,0.0135428419260881,0.1428571428571428,0.0294117647058823,0.0482517555758209,114
WP151971,JEAN,1971,5,2327941.2650969625,0.0150621885506167,1,0.0052083333333333,2,0.0084745762711864,2327941.2650969625,1,2,9,0.0528067693976264,0.0408163265306122,0.0294117647058823,0.0462999079771112,115
WP061995,GARY,1995,6,2327941.2650969625,0.0150621885506167,1,0.0052083333333333,2,0.0084745762711864,2327941.2650969625,1,2,19,0.0528067693976264,0.0408163265306122,0.0294117647058823,0.0462999079771112,116
WP012024,EWINIAR,2024,20,534453.118686676,0.0034580054771221,1,0.0052083333333333,6,0.0254237288135593,534453.118686676,1,6,27,0.012123477089167,0.1224489795918367,0.0294117647058823,0.0422980958573417,117
WP281972,PAMELA,1972,4,2327941.2650969625,0.0150621885506167,1,0.0052083333333333,1,0.0042372881355932,2327941.2650969625,1,1,9,0.0528067693976264,0.0204081632653061,0.0294117647058823,0.0411978671607847,118
WP182021,CONSON,2021,0,0.0,0.0,1,0.0052083333333333,7,0.0296610169491525,0.0,1,7,15,0.0,0.1428571428571428,0.0294117647058823,0.040126050420168,119
WP301966,PAMELA,1966,1,1611912.4940185547,0.0104293567350768,1,0.0052083333333333,2,0.0084745762711864,1611912.4940185547,1,2,16,0.0365644497294674,0.0408163265306122,0.0294117647058823,0.0365545161762158,120
WP142023,KOINU,2023,0,1648807.3397575617,0.0106680728622398,2,0.0104166666666666,1,0.0042372881355932,1648807.3397575617,2,1,29,0.0374013684439177,0.0204081632653061,0.0588235294117647,0.0363663912944419,121
WP242013,NARI,2013,7,807482.2736565471,0.0052245520277716,1,0.0052083333333333,4,0.0169491525423728,807482.2736565471,1,4,11,0.0183168410891485,0.0816326530612244,0.0294117647058823,0.0358100326246775,122
WP191956,KAREN:LUCILLE,1956,0,0.0,0.0,0,0.0,7,0.0296610169491525,0.0,0,7,18,0.0,0.1428571428571428,0.0,0.0357142857142857,123
WP022009,CHAN-HOM,2009,0,0.0,0.0,0,0.0,7,0.0296610169491525,0.0,0,7,16,0.0,0.1428571428571428,0.0,0.0357142857142857,124
WP261981,IRMA,1981,0,0.0,0.0,0,0.0,7,0.0296610169491525,0.0,0,7,13,0.0,0.1428571428571428,0.0,0.0357142857142857,125
WP181950,FRAN,1950,6,108820.66070079803,0.0007040887733092,1,0.0052083333333333,5,0.0211864406779661,108820.66070079803,1,5,11,0.0024684761688285,0.1020408163265306,0.0294117647058823,0.0314030544888121,126
WP151982,FAYE,1982,0,0.0,0.0,0,0.0,6,0.0254237288135593,0.0,0,6,31,0.0,0.1224489795918367,0.0,0.0306122448979591,127
WP261993,FLO,1993,0,0.0,0.0,0,0.0,6,0.0254237288135593,0.0,0,6,22,0.0,0.1224489795918367,0.0,0.0306122448979591,128
WP011955,VIOLET,1955,7,1275062.592458248,0.0082498787531241,1,0.0052083333333333,1,0.0042372881355932,1275062.592458248,1,1,9,0.0289233827747273,0.0204081632653061,0.0294117647058823,0.0268678351870452,129
WP262018,MANGKHUT,2018,0,0.0,0.0,0,0.0,5,0.0211864406779661,0.0,0,5,9,0.0,0.1020408163265306,0.0,0.0255102040816326,130
WP171954,RUBY,1954,0,0.0,0.0,0,0.0,5,0.0211864406779661,0.0,0,5,15,0.0,0.1020408163265306,0.0,0.0255102040816326,131
WP331974,IRMA,1974,0,0.0,0.0,0,0.0,5,0.0211864406779661,0.0,0,5,11,0.0,0.1020408163265306,0.0,0.0255102040816326,132
WP031966,JUDY,1966,0,655063.600446403,0.0042383764618557,1,0.0052083333333333,2,0.0084745762711864,655063.600446403,1,2,20,0.0148593922914594,0.0408163265306122,0.0294117647058823,0.023531481713411,133
WP281964,DOT,1964,14,614141.965502739,0.0039736063018167,1,0.0052083333333333,2,0.0084745762711864,614141.965502739,1,2,15,0.0139311303235811,0.0408163265306122,0.0294117647058823,0.0229745245326841,134
WP032010,CONSON,2010,5,108820.66070079803,0.0007040887733092,1,0.0052083333333333,3,0.0127118644067796,108820.66070079803,1,3,10,0.0024684761688285,0.0612244897959183,0.0294117647058823,0.021198972856159,135
WP111959,LOUISE,1959,2,807482.2736565471,0.0052245520277716,1,0.0052083333333333,1,0.0042372881355932,807482.2736565471,1,1,6,0.0183168410891485,0.0204081632653061,0.0294117647058823,0.0205039101756979,136
WP161947,PAULINE,1947,0,0.0,0.0,0,0.0,4,0.0169491525423728,0.0,0,4,12,0.0,0.0816326530612244,0.0,0.0204081632653061,137
WP242016,SARIKA,2016,0,0.0,0.0,0,0.0,4,0.0169491525423728,0.0,0,4,12,0.0,0.0816326530612244,0.0,0.0204081632653061,138
WP231947,FLORA,1947,0,0.0,0.0,0,0.0,4,0.0169491525423728,0.0,0,4,10,0.0,0.0816326530612244,0.0,0.0204081632653061,139
WP211985,DOT,1985,0,0.0,0.0,0,0.0,4,0.0169491525423728,0.0,0,4,11,0.0,0.0816326530612244,0.0,0.0204081632653061,140
WP331989,HUNT,1989,0,0.0,0.0,0,0.0,4,0.0169491525423728,0.0,0,4,23,0.0,0.0816326530612244,0.0,0.0204081632653061,141
WP271997,IVAN,1997,11,717354.9288902283,0.0046414122893297,1,0.0052083333333333,1,0.0042372881355932,717354.9288902283,1,1,19,0.0162724020893968,0.0204081632653061,0.0294117647058823,0.019277246775847,142
WP042012,MAWAR,2012,6,717354.9288902283,0.0046414122893297,1,0.0052083333333333,1,0.0042372881355932,717354.9288902283,1,1,15,0.0162724020893968,0.0204081632653061,0.0294117647058823,0.019277246775847,143
WP282019,FUNG-WONG,2019,3,108820.66070079803,0.0007040887733092,1,0.0052083333333333,2,0.0084745762711864,108820.66070079803,1,2,6,0.0024684761688285,0.0408163265306122,0.0294117647058823,0.0160969320398325,144
WP241982,NANCY,1982,0,0.0,0.0,0,0.0,3,0.0127118644067796,0.0,0,3,10,0.0,0.0612244897959183,0.0,0.0153061224489795,145
WP232009,MIRINAE,2009,0,0.0,0.0,0,0.0,3,0.0127118644067796,0.0,0,3,9,0.0,0.0612244897959183,0.0,0.0153061224489795,146
WP051992,ELI,1992,0,0.0,0.0,0,0.0,3,0.0127118644067796,0.0,0,3,7,0.0,0.0612244897959183,0.0,0.0153061224489795,147
WP301989,ELSIE,1989,0,0.0,0.0,0,0.0,3,0.0127118644067796,0.0,0,3,12,0.0,0.0612244897959183,0.0,0.0153061224489795,148
WP191954,TILDA,1954,0,0.0,0.0,1,0.0052083333333333,2,0.0084745762711864,0.0,1,2,6,0.0,0.0408163265306122,0.0294117647058823,0.0146158463385354,149
WP181954,SALLY,1954,0,0.0,0.0,1,0.0052083333333333,2,0.0084745762711864,0.0,1,2,19,0.0,0.0408163265306122,0.0294117647058823,0.0146158463385354,150
WP391964,OPAL,1964,0,0.0,0.0,0,0.0,2,0.0084745762711864,0.0,0,2,12,0.0,0.0408163265306122,0.0,0.010204081632653,151
WP131975,ALICE,1975,0,0.0,0.0,0,0.0,2,0.0084745762711864,0.0,0,2,9,0.0,0.0408163265306122,0.0,0.010204081632653,152
WP171968,ELAINE,1968,0,0.0,0.0,0,0.0,2,0.0084745762711864,0.0,0,2,18,0.0,0.0408163265306122,0.0,0.010204081632653,153
WP261974,BESS,1974,0,0.0,0.0,0,0.0,2,0.0084745762711864,0.0,0,2,12,0.0,0.0408163265306122,0.0,0.010204081632653,154
WP091972,SUSAN,1972,0,0.0,0.0,0,0.0,2,0.0084745762711864,0.0,0,2,33,0.0,0.0408163265306122,0.0,0.010204081632653,155
WP292013,KROSA,2013,0,0.0,0.0,0,0.0,2,0.0084745762711864,0.0,0,2,10,0.0,0.0408163265306122,0.0,0.010204081632653,156
WP291974,ELAINE,1974,0,0.0,0.0,0,0.0,2,0.0084745762711864,0.0,0,2,10,0.0,0.0408163265306122,0.0,0.010204081632653,157
WP231960,LOLA,1960,0,0.0,0.0,0,0.0,2,0.0084745762711864,0.0,0,2,15,0.0,0.0408163265306122,0.0,0.010204081632653,158
WP281982,ROGER,1982,0,0.0,0.0,0,0.0,2,0.0084745762711864,0.0,0,2,13,0.0,0.0408163265306122,0.0,0.010204081632653,159
WP122003,KROVANH,2003,0,0.0,0.0,0,0.0,2,0.0084745762711864,0.0,0,2,9,0.0,0.0408163265306122,0.0,0.010204081632653,160
WP201953,BETTY,1953,0,0.0,0.0,0,0.0,2,0.0084745762711864,0.0,0,2,13,0.0,0.0408163265306122,0.0,0.010204081632653,161
WP241985,FAYE,1985,0,0.0,0.0,0,0.0,2,0.0084745762711864,0.0,0,2,27,0.0,0.0408163265306122,0.0,0.010204081632653,162
WP031956,THELMA,1956,0,0.0,0.0,0,0.0,2,0.0084745762711864,0.0,0,2,13,0.0,0.0408163265306122,0.0,0.010204081632653,163
WP061977,THELMA,1977,0,0.0,0.0,1,0.0052083333333333,1,0.0042372881355932,0.0,1,1,13,0.0,0.0204081632653061,0.0294117647058823,0.0095138055222088,164
WP051976,OLGA,1976,0,0.0,0.0,0,0.0,1,0.0042372881355932,0.0,0,1,36,0.0,0.0204081632653061,0.0,0.0051020408163265,165
WP241979,VERA,1979,0,0.0,0.0,0,0.0,1,0.0042372881355932,0.0,0,1,12,0.0,0.0204081632653061,0.0,0.0051020408163265,166
WP292016,TOKAGE,2016,0,0.0,0.0,0,0.0,1,0.0042372881355932,0.0,0,1,17,0.0,0.0204081632653061,0.0,0.0051020408163265,167
WP252016,HAIMA,2016,0,0.0,0.0,0,0.0,1,0.0042372881355932,0.0,0,1,9,0.0,0.0204081632653061,0.0,0.0051020408163265,168
WP311974,GLORIA,1974,0,0.0,0.0,0,0.0,1,0.0042372881355932,0.0,0,1,13,0.0,0.0204081632653061,0.0,0.0051020408163265,169
WP242017,KHANUN,2017,0,0.0,0.0,0,0.0,1,0.0042372881355932,0.0,0,1,11,0.0,0.0204081632653061,0.0,0.0051020408163265,170
WP122022,HINNAMNOR,2022,0,0.0,0.0,0,0.0,1,0.0042372881355932,0.0,0,1,9,0.0,0.0204081632653061,0.0,0.0051020408163265,171
WP272019,KALMAEGI,2019,0,0.0,0.0,0,0.0,1,0.0042372881355932,0.0,0,1,31,0.0,0.0204081632653061,0.0,0.0051020408163265,172
WP171979,MAC,1979,0,0.0,0.0,0,0.0,1,0.0042372881355932,0.0,0,1,25,0.0,0.0204081632653061,0.0,0.0051020408163265,173
WP321994,SETH,1994,0,0.0,0.0,0,0.0,1,0.0042372881355932,0.0,0,1,6,0.0,0.0204081632653061,0.0,0.0051020408163265,174
WP031980,DOM,1980,0,0.0,0.0,0,0.0,1,0.0042372881355932,0.0,0,1,34,0.0,0.0204081632653061,0.0,0.0051020408163265,175
WP111980,KIM,1980,0,0.0,0.0,0,0.0,1,0.0042372881355932,0.0,0,1,14,0.0,0.0204081632653061,0.0,0.0051020408163265,176
WP361993,MANNY,1993,0,0.0,0.0,0,0.0,1,0.0042372881355932,0.0,0,1,13,0.0,0.0204081632653061,0.0,0.0051020408163265,177
WP291996,ZANE,1996,0,0.0,0.0,0,0.0,1,0.0042372881355932,0.0,0,1,5,0.0,0.0204081632653061,0.0,0.0051020408163265,178
WP171973,NORA,1973,0,0.0,0.0,0,0.0,1,0.0042372881355932,0.0,0,1,15,0.0,0.0204081632653061,0.0,0.0051020408163265,179
WP161993,TASHA,1993,0,0.0,0.0,0,0.0,1,0.0042372881355932,0.0,0,1,14,0.0,0.0204081632653061,0.0,0.0051020408163265,180
WP061993,KORYN,1993,0,0.0,0.0,0,0.0,1,0.0042372881355932,0.0,0,1,9,0.0,0.0204081632653061,0.0,0.0051020408163265,181
WP081991,BRENDAN,1991,0,0.0,0.0,0,0.0,1,0.0042372881355932,0.0,0,1,13,0.0,0.0204081632653061,0.0,0.0051020408163265,182
WP051991,YUNYA,1991,0,0.0,0.0,0,0.0,1,0.0042372881355932,0.0,0,1,21,0.0,0.0204081632653061,0.0,0.0051020408163265,183
WP241998,FAITH,1998,0,0.0,0.0,0,0.0,1,0.0042372881355932,0.0,0,1,7,0.0,0.0204081632653061,0.0,0.0051020408163265,184
WP161999,SAM,1999,0,0.0,0.0,0,0.0,1,0.0042372881355932,0.0,0,1,12,0.0,0.0204081632653061,0.0,0.0051020408163265,185
WP291989,DAN,1989,0,0.0,0.0,0,0.0,1,0.0042372881355932,0.0,0,1,6,0.0,0.0204081632653061,0.0,0.0051020408163265,186
WP261999,DAN,1999,0,0.0,0.0,0,0.0,1,0.0042372881355932,0.0,0,1,18,0.0,0.0204081632653061,0.0,0.0051020408163265,187
WP261989,ANGELA,1989,0,0.0,0.0,0,0.0,1,0.0042372881355932,0.0,0,1,13,0.0,0.0204081632653061,0.0,0.0051020408163265,188
WP062000,KAI-TAK,2000,0,0.0,0.0,0,0.0,1,0.0042372881355932,0.0,0,1,23,0.0,0.0204081632653061,0.0,0.0051020408163265,189
WP242003,MELOR,2003,0,0.0,0.0,0,0.0,1,0.0042372881355932,0.0,0,1,14,0.0,0.0204081632653061,0.0,0.0051020408163265,190
WP102004,MINDULLE,2004,0,0.0,0.0,0,0.0,1,0.0042372881355932,0.0,0,1,16,0.0,0.0204081632653061,0.0,0.0051020408163265,191
WP292004,MUIFA,2004,0,0.0,0.0,0,0.0,1,0.0042372881355932,0.0,0,1,27,0.0,0.0204081632653061,0.0,0.0051020408163265,192
WP242005,BOLAVEN,2005,0,0.0,0.0,0,0.0,1,0.0042372881355932,0.0,0,1,10,0.0,0.0204081632653061,0.0,0.0051020408163265,193
WP132008,NURI,2008,0,0.0,0.0,0,0.0,1,0.0042372881355932,0.0,0,1,11,0.0,0.0204081632653061,0.0,0.0051020408163265,194
WP271982,PAMELA,1982,0,0.0,0.0,0,0.0,1,0.0042372881355932,0.0,0,1,10,0.0,0.0204081632653061,0.0,0.0051020408163265,195
WP152008,SINLAKU,2008,0,0.0,0.0,0,0.0,1,0.0042372881355932,0.0,0,1,18,0.0,0.0204081632653061,0.0,0.0051020408163265,196
WP192008,JANGMI,2008,0,0.0,0.0,0,0.0,1,0.0042372881355932,0.0,0,1,6,0.0,0.0204081632653061,0.0,0.0051020408163265,197
WP051981,JUNE,1981,0,0.0,0.0,0,0.0,1,0.0042372881355932,0.0,0,1,7,0.0,0.0204081632653061,0.0,0.0051020408163265,198
WP192009,PARMA,2009,0,0.0,0.0,0,0.0,1,0.0042372881355932,0.0,0,1,36,0.0,0.0204081632653061,0.0,0.0051020408163265,199
WP251980,BETTY,1980,0,0.0,0.0,0,0.0,1,0.0042372881355932,0.0,0,1,14,0.0,0.0204081632653061,0.0,0.0051020408163265,200
WP191980,PERCY,1980,0,0.0,0.0,0,0.0,1,0.0042372881355932,0.0,0,1,12,0.0,0.0204081632653061,0.0,0.0051020408163265,201
WP121974,IVY,1974,0,0.0,0.0,0,0.0,1,0.0042372881355932,0.0,0,1,9,0.0,0.0204081632653061,0.0,0.0051020408163265,202
WP101945,QUEENIE,1945,0,0.0,0.0,0,0.0,1,0.0042372881355932,0.0,0,1,9,0.0,0.0204081632653061,0.0,0.0051020408163265,203
WP081951,NORA,1951,0,0.0,0.0,0,0.0,1,0.0042372881355932,0.0,0,1,8,0.0,0.0204081632653061,0.0,0.0051020408163265,204
WP111953,PHYLLIS,1953,0,0.0,0.0,0,0.0,1,0.0042372881355932,0.0,0,1,6,0.0,0.0204081632653061,0.0,0.0051020408163265,205
WP051957,VIRGINIA,1957,0,0.0,0.0,0,0.0,1,0.0042372881355932,0.0,0,1,11,0.0,0.0204081632653061,0.0,0.0051020408163265,206
WP271961,ELLEN,1961,0,0.0,0.0,0,0.0,1,0.0042372881355932,0.0,0,1,23,0.0,0.0204081632653061,0.0,0.0051020408163265,207
WP071948,ROSE,1948,0,0.0,0.0,0,0.0,1,0.0042372881355932,0.0,0,1,11,0.0,0.0204081632653061,0.0,0.0051020408163265,208
WP141946,BETTY,1946,0,0.0,0.0,0,0.0,1,0.0042372881355932,0.0,0,1,11,0.0,0.0204081632653061,0.0,0.0051020408163265,209
WP271960,PHYLLIS,1960,0,0.0,0.0,0,0.0,1,0.0042372881355932,0.0,0,1,13,0.0,0.0204081632653061,0.0,0.0051020408163265,210
WP121965,FREDA,1965,0,0.0,0.0,0,0.0,1,0.0042372881355932,0.0,0,1,9,0.0,0.0204081632653061,0.0,0.0051020408163265,211
WP071964,DORIS,1964,0,0.0,0.0,0,0.0,1,0.0042372881355932,0.0,0,1,3,0.0,0.0204081632653061,0.0,0.0051020408163265,212
WP031969,SUSAN,1969,0,0.0,0.0,0,0.0,1,0.0042372881355932,0.0,0,1,12,0.0,0.0204081632653061,0.0,0.0051020408163265,213
WP121964,IDA,1964,0,0.0,0.0,0,0.0,1,0.0042372881355932,0.0,0,1,10,0.0,0.0204081632653061,0.0,0.0051020408163265,214
WP211956,OLIVE,1956,0,0.0,0.0,0,0.0,1,0.0042372881355932,0.0,0,1,14,0.0,0.0204081632653061,0.0,0.0051020408163265,215
WP331971,HESTER,1971,0,0.0,0.0,0,0.0,1,0.0042372881355932,0.0,0,1,8,0.0,0.0204081632653061,0.0,0.0051020408163265,216
WP071965,AMY,1965,0,0.0,0.0,0,0.0,1,0.0042372881355932,0.0,0,1,15,0.0,0.0204081632653061,0.0,0.0051020408163265,217
WP071967,BILLIE,1967,0,0.0,0.0,0,0.0,1,0.0042372881355932,0.0,0,1,5,0.0,0.0204081632653061,0.0,0.0051020408163265,218
WP031953,JUDY,1953,0,0.0,0.0,0,0.0,1,0.0042372881355932,0.0,0,1,14,0.0,0.0204081632653061,0.0,0.0051020408163265,219
WP271964,CLARA,1964,0,0.0,0.0,0,0.0,1,0.0042372881355932,0.0,0,1,9,0.0,0.0204081632653061,0.0,0.0051020408163265,220
WP091956,BABS,1956,0,0.0,0.0,0,0.0,0,0.0,0.0,0,0,10,0.0,0.0,0.0,0.0,221
WP011956,SARAH,1956,0,0.0,0.0,0,0.0,0,0.0,0.0,0,0,13,0.0,0.0,0.0,0.0,222
WP142006,SHANSHAN,2006,0,0.0,0.0,0,0.0,0,0.0,0.0,0,0,7,0.0,0.0,0.0,0.0,223
WP062006,KAEMI,2006,0,0.0,0.0,0,0.0,0,0.0,0.0,0,0,6,0.0,0.0,0.0,0.0,224
WP211955,PATSY,1955,0,0.0,0.0,0,0.0,0,0.0,0.0,0,0,7,0.0,0.0,0.0,0.0,225
WP121955,IRIS,1955,0,0.0,0.0,0,0.0,0,0.0,0.0,0,0,5,0.0,0.0,0.0,0.0,226
WP161954,PAMELA,1954,0,0.0,0.0,0,0.0,0,0.0,0.0,0,0,10,0.0,0.0,0.0,0.0,227
WP072007,PABUK,2007,0,0.0,0.0,0,0.0,0,0.0,0.0,0,0,4,0.0,0.0,0.0,0.0,228
WP092007,SEPAT,2007,0,0.0,0.0,0,0.0,0,0.0,0.0,0,0,10,0.0,0.0,0.0,0.0,229
WP042006,EWINIAR,2006,0,0.0,0.0,0,0.0,0,0.0,0.0,0,0,4,0.0,0.0,0.0,0.0,230
WP172007,KROSA,2007,0,0.0,0.0,0,0.0,0,0.0,0.0,0,0,6,0.0,0.0,0.0,0.0,231
WP151973,LOUISE,1973,0,0.0,0.0,0,0.0,0,0.0,0.0,0,0,13,0.0,0.0,0.0,0.0,232
WP212007,PEIPAH,2007,0,0.0,0.0,0,0.0,0,0.0,0.0,0,0,16,0.0,0.0,0.0,0.0,233
WP242007,MITAG,2007,0,0.0,0.0,0,0.0,0,0.0,0.0,0,0,22,0.0,0.0,0.0,0.0,234
WP061954,IDA,1954,0,0.0,0.0,0,0.0,0,0.0,0.0,0,0,7,0.0,0.0,0.0,0.0,235
WP101956,CHARLOTTE,1956,0,0.0,0.0,0,0.0,0,0.0,0.0,0,0,7,0.0,0.0,0.0,0.0,236
WP021954,ELSIE,1954,0,0.0,0.0,0,0.0,0,0.0,0.0,0,0,13,0.0,0.0,0.0,0.0,237
WP092008,FUNG-WONG,2008,0,0.0,0.0,0,0.0,0,0.0,0.0,0,0,5,0.0,0.0,0.0,0.0,238
WP141953,SUSAN,1953,0,0.0,0.0,0,0.0,0,0.0,0.0,0,0,9,0.0,0.0,0.0,0.0,239
WP121953,RITA,1953,0,0.0,0.0,0,0.0,0,0.0,0.0,0,0,8,0.0,0.0,0.0,0.0,240
WP182008,HAGUPIT,2008,0,0.0,0.0,0,0.0,0,0.0,0.0,0,0,9,0.0,0.0,0.0,0.0,241
WP012009,KUJIRA,2009,0,0.0,0.0,0,0.0,0,0.0,0.0,0,0,14,0.0,0.0,0.0,0.0,242
WP051953,KIT,1953,0,0.0,0.0,0,0.0,0,0.0,0.0,0,0,7,0.0,0.0,0.0,0.0,243
WP032009,LINFA,2009,0,0.0,0.0,0,0.0,0,0.0,0.0,0,0,26,0.0,0.0,0.0,0.0,244
WP072009,MOLAVE,2009,0,0.0,0.0,0,0.0,0,0.0,0.0,0,0,13,0.0,0.0,0.0,0.0,245
WP222009,LUPIT,2009,0,0.0,0.0,0,0.0,0,0.0,0.0,0,0,14,0.0,0.0,0.0,0.0,246
WP022006,CHANCHU,2006,0,0.0,0.0,0,0.0,0,0.0,0.0,0,0,16,0.0,0.0,0.0,0.0,247
WP302004,NANMADOL,2004,0,0.0,0.0,0,0.0,0,0.0,0.0,0,0,9,0.0,0.0,0.0,0.0,248
WP092005,MATSA,2005,0,0.0,0.0,0,0.0,0,0.0,0.0,0,0,5,0.0,0.0,0.0,0.0,249
WP182000,BILIS,2000,0,0.0,0.0,0,0.0,0,0.0,0.0,0,0,5,0.0,0.0,0.0,0.0,250
WP102001,YUTU,2001,0,0.0,0.0,0,0.0,0,0.0,0.0,0,0,8,0.0,0.0,0.0,0.0,251
WP062001,UTOR,2001,0,0.0,0.0,0,0.0,0,0.0,0.0,0,0,9,0.0,0.0,0.0,0.0,252
WP042001,CHEBI,2001,0,0.0,0.0,0,0.0,0,0.0,0.0,0,0,8,0.0,0.0,0.0,0.0,253
WP111957,CARMEN,1957,0,0.0,0.0,0,0.0,0,0.0,0.0,0,0,22,0.0,0.0,0.0,0.0,254
WP131957,FAYE,1957,0,0.0,0.0,0,0.0,0,0.0,0.0,0,0,12,0.0,0.0,0.0,0.0,255
WP232000,WUKONG,2000,0,0.0,0.0,0,0.0,0,0.0,0.0,0,0,10,0.0,0.0,0.0,0.0,256
WP071958,WINNIE,1958,0,0.0,0.0,0,0.0,0,0.0,0.0,0,0,6,0.0,0.0,0.0,0.0,257
WP052005,HAITANG,2005,0,0.0,0.0,0,0.0,0,0.0,0.0,0,0,3,0.0,0.0,0.0,0.0,258
WP131958,GRACE,1958,0,0.0,0.0,0,0.0,0,0.0,0.0,0,0,3,0.0,0.0,0.0,0.0,259
WP181958,LORNA,1958,0,0.0,0.0,0,0.0,0,0.0,0.0,0,0,14,0.0,0.0,0.0,0.0,260
WP061999,MAGGIE,1999,0,0.0,0.0,0,0.0,0,0.0,0.0,0,0,10,0.0,0.0,0.0,0.0,261
WP051959,BILLIE,1959,0,0.0,0.0,0,0.0,0,0.0,0.0,0,0,5,0.0,0.0,0.0,0.0,262
WP081959,IRIS,1959,0,0.0,0.0,0,0.0,0,0.0,0.0,0,0,13,0.0,0.0,0.0,0.0,263
WP091959,JOAN,1959,0,0.0,0.0,0,0.0,0,0.0,0.0,0,0,3,0.0,0.0,0.0,0.0,264
WP112001,TORAJI,2001,0,0.0,0.0,0,0.0,0,0.0,0.0,0,0,9,0.0,0.0,0.0,0.0,265
WP232001,LEKIMA,2001,0,0.0,0.0,0,0.0,0,0.0,0.0,0,0,19,0.0,0.0,0.0,0.0,266
WP272001,LINGLING,2001,0,0.0,0.0,0,0.0,0,0.0,0.0,0,0,16,0.0,0.0,0.0,0.0,267
WP072002,NOGURI,2002,0,0.0,0.0,0,0.0,0,0.0,0.0,0,0,10,0.0,0.0,0.0,0.0,268
WP022003,KUJIRA,2003,0,0.0,0.0,0,0.0,0,0.0,0.0,0,0,18,0.0,0.0,0.0,0.0,269
WP072003,SOUDELOR,2003,0,0.0,0.0,0,0.0,0,0.0,0.0,0,0,14,0.0,0.0,0.0,0.0,270
WP102003,MORAKOT,2003,0,0.0,0.0,0,0.0,0,0.0,0.0,0,0,12,0.0,0.0,0.0,0.0,271
WP031957,SHIRLEY,1957,0,0.0,0.0,0,0.0,0,0.0,0.0,0,0,17,0.0,0.0,0.0,0.0,272
WP142003,DUJUAN,2003,0,0.0,0.0,0,0.0,0,0.0,0.0,0,0,6,0.0,0.0,0.0,0.0,273
WP221956,NADINE,1956,0,0.0,0.0,0,0.0,0,0.0,0.0,0,0,6,0.0,0.0,0.0,0.0,274
WP252003,NEPARTAK,2003,0,0.0,0.0,0,0.0,0,0.0,0.0,0,0,8,0.0,0.0,0.0,0.0,275
WP042004,NIDA,2004,0,0.0,0.0,0,0.0,0,0.0,0.0,0,0,15,0.0,0.0,0.0,0.0,276
WP072004,CONSON,2004,0,0.0,0.0,0,0.0,0,0.0,0.0,0,0,20,0.0,0.0,0.0,0.0,277
WP282004,NOCK-TEN,2004,0,0.0,0.0,0,0.0,0,0.0,0.0,0,0,4,0.0,0.0,0.0,0.0,278
WP131956,FREDA,1956,0,0.0,0.0,0,0.0,0,0.0,0.0,0,0,3,0.0,0.0,0.0,0.0,279
WP231952,CARMEN,1952,0,0.0,0.0,0,0.0,0,0.0,0.0,0,0,6,0.0,0.0,0.0,0.0,280
WP111956,DINAH,1956,0,0.0,0.0,0,0.0,0,0.0,0.0,0,0,5,0.0,0.0,0.0,0.0,281
WP271952,GLORIA,1952,0,0.0,0.0,0,0.0,0,0.0,0.0,0,0,10,0.0,0.0,0.0,0.0,282
WP102011,NOCK-TEN,2011,0,0.0,0.0,0,0.0,0,0.0,0.0,0,0,14,0.0,0.0,0.0,0.0,283
WP221952,BESS,1952,0,0.0,0.0,0,0.0,0,0.0,0.0,0,0,8,0.0,0.0,0.0,0.0,284
WP192019,MITAG,2019,0,0.0,0.0,0,0.0,0,0.0,0.0,0,0,7,0.0,0.0,0.0,0.0,285
WP091947,INEZ,1947,0,0.0,0.0,0,0.0,0,0.0,0.0,0,0,6,0.0,0.0,0.0,0.0,286
WP131947,MILDRED,1947,0,0.0,0.0,0,0.0,0,0.0,0.0,0,0,8,0.0,0.0,0.0,0.0,287
WP141947,NANETTE,1947,0,0.0,0.0,0,0.0,0,0.0,0.0,0,0,4,0.0,0.0,0.0,0.0,288
WP061948,PEARL,1948,0,0.0,0.0,0,0.0,0,0.0,0.0,0,0,4,0.0,0.0,0.0,0.0,289
WP252019,NAKRI,2019,0,0.0,0.0,0,0.0,0,0.0,0.0,0,0,12,0.0,0.0,0.0,0.0,290
WP212019,NEOGURI,2019,0,0.0,0.0,0,0.0,0,0.0,0.0,0,0,3,0.0,0.0,0.0,0.0,291
WP152019,LINGLING,2019,0,0.0,0.0,0,0.0,0,0.0,0.0,0,0,10,0.0,0.0,0.0,0.0,292
WP192020,SAUDEL,2020,0,0.0,0.0,0,0.0,0,0.0,0.0,0,0,13,0.0,0.0,0.0,0.0,293
WP121948,GERTRUDE,1948,0,0.0,0.0,0,0.0,0,0.0,0.0,0,0,15,0.0,0.0,0.0,0.0,294
WP332017,TEMBIN,2017,0,0.0,0.0,0,0.0,0,0.0,0.0,0,0,9,0.0,0.0,0.0,0.0,295
WP131948,HAZEL,1948,0,0.0,0.0,0,0.0,0,0.0,0.0,0,0,8,0.0,0.0,0.0,0.0,296
WP152017,HATO,2017,0,0.0,0.0,0,0.0,0,0.0,0.0,0,0,10,0.0,0.0,0.0,0.0,297
WP112017,NESAT,2017,0,0.0,0.0,0,0.0,0,0.0,0.0,0,0,11,0.0,0.0,0.0,0.0,298
WP151948,JACKIE,1948,0,0.0,0.0,0,0.0,0,0.0,0.0,0,0,6,0.0,0.0,0.0,0.0,299
WP031947,CAROL,1947,0,0.0,0.0,0,0.0,0,0.0,0.0,0,0,11,0.0,0.0,0.0,0.0,300
WP212020,MOLAVE,2020,0,0.0,0.0,0,0.0,0,0.0,0.0,0,0,8,0.0,0.0,0.0,0.0,301
WP162010,CHABA,2010,0,0.0,0.0,0,0.0,0,0.0,0.0,0,0,3,0.0,0.0,0.0,0.0,302
WP232022,NESAT,2022,0,0.0,0.0,0,0.0,0,0.0,0.0,0,0,21,0.0,0.0,0.0,0.0,303
WP171945,URSULA,1945,0,0.0,0.0,0,0.0,0,0.0,0.0,0,0,11,0.0,0.0,0.0,0.0,304
WP102023,HAIKUI,2023,0,0.0,0.0,0,0.0,0,0.0,0.0,0,0,4,0.0,0.0,0.0,0.0,305
WP092023,SAOLA,2023,0,0.0,0.0,0,0.0,0,0.0,0.0,0,0,67,0.0,0.0,0.0,0.0,306
WP052023,DOKSURI,2023,0,0.0,0.0,0,0.0,0,0.0,0.0,0,0,33,0.0,0.0,0.0,0.0,307
WP022023,MAWAR,2023,0,0.0,0.0,0,0.0,0,0.0,0.0,0,0,24,0.0,0.0,0.0,0.0,308
WP211945,JEAN,1945,0,0.0,0.0,0,0.0,0,0.0,0.0,0,0,6,0.0,0.0,0.0,0.0,309
WP261945,NORA,1945,0,0.0,0.0,0,0.0,0,0.0,0.0,0,0,5,0.0,0.0,0.0,0.0,310
WP131946,ALMA,1946,0,0.0,0.0,0,0.0,0,0.0,0.0,0,0,6,0.0,0.0,0.0,0.0,311
WP142022,MUIFA,2022,0,0.0,0.0,0,0.0,0,0.0,0.0,0,0,10,0.0,0.0,0.0,0.0,312
WP011946,BARBARA,1946,0,0.0,0.0,0,0.0,0,0.0,0.0,0,0,12,0.0,0.0,0.0,0.0,313
WP031946,DOLLY,1946,0,0.0,0.0,0,0.0,0,0.0,0.0,0,0,9,0.0,0.0,0.0,0.0,314
WP192021,CHANTHU,2021,0,0.0,0.0,0,0.0,0,0.0,0.0,0,0,11,0.0,0.0,0.0,0.0,315
WP121946,QUERIDA,1946,0,0.0,0.0,0,0.0,0,0.0,0.0,0,0,4,0.0,0.0,0.0,0.0,316
WP022021,SURIGAE,2021,0,0.0,0.0,0,0.0,0,0.0,0.0,0,0,20,0.0,0.0,0.0,0.0,317
WP221948,RITA,1948,0,0.0,0.0,0,0.0,0,0.0,0.0,0,0,12,0.0,0.0,0.0,0.0,318
WP251948,BEVERLY,1948,0,0.0,0.0,0,0.0,0,0.0,0.0,0,0,13,0.0,0.0,0.0,0.0,319
WP021949,DELLA,1949,0,0.0,0.0,0,0.0,0,0.0,0.0,0,0,9,0.0,0.0,0.0,0.0,320
WP102012,SAOLA,2012,0,0.0,0.0,0,0.0,0,0.0,0.0,0,0,17,0.0,0.0,0.0,0.0,321
WP172013,USAGI,2013,0,0.0,0.0,0,0.0,0,0.0,0.0,0,0,12,0.0,0.0,0.0,0.0,322
WP091951,ORA,1951,0,0.0,0.0,0,0.0,0,0.0,0.0,0,0,13,0.0,0.0,0.0,0.0,323
WP101951,PAT,1951,0,0.0,0.0,0,0.0,0,0.0,0.0,0,0,8,0.0,0.0,0.0,0.0,324
WP182012,JELAWAT,2012,0,0.0,0.0,0,0.0,0,0.0,0.0,0,0,14,0.0,0.0,0.0,0.0,325
WP111951,RUTH,1951,0,0.0,0.0,0,0.0,0,0.0,0.0,0,0,4,0.0,0.0,0.0,0.0,326
WP142012,KAI-TAK,2012,0,0.0,0.0,0,0.0,0,0.0,0.0,0,0,11,0.0,0.0,0.0,0.0,327
WP052012,GUCHOL,2012,0,0.0,0.0,0,0.0,0,0.0,0.0,0,0,4,0.0,0.0,0.0,0.0,328
WP202016,MEGI,2016,0,0.0,0.0,0,0.0,0,0.0,0.0,0,0,3,0.0,0.0,0.0,0.0,329
WP061952,HARRIET,1952,0,0.0,0.0,0,0.0,0,0.0,0.0,0,0,14,0.0,0.0,0.0,0.0,330
WP101952,MARY,1952,0,0.0,0.0,0,0.0,0,0.0,0.0,0,0,8,0.0,0.0,0.0,0.0,331
WP111952,NONA,1952,0,0.0,0.0,0,0.0,0,0.0,0.0,0,0,9,0.0,0.0,0.0,0.0,332
WP142011,NANMADOL,2011,0,0.0,0.0,0,0.0,0,0.0,0.0,0,0,25,0.0,0.0,0.0,0.0,333
WP041998,OTTO,1998,0,0.0,0.0,0,0.0,0,0.0,0.0,0,0,11,0.0,0.0,0.0,0.0,334
WP042011,SONGDA,2011,0,0.0,0.0,0,0.0,0,0.0,0.0,0,0,11,0.0,0.0,0.0,0.0,335
WP051951,KATE,1951,0,0.0,0.0,0,0.0,0,0.0,0.0,0,0,7,0.0,0.0,0.0,0.0,336
WP161950,CLARA,1950,0,0.0,0.0,0,0.0,0,0.0,0.0,0,0,10,0.0,0.0,0.0,0.0,337
WP221949,CAMILLA,1949,0,0.0,0.0,0,0.0,0,0.0,0.0,0,0,11,0.0,0.0,0.0,0.0,338
WP102014,MATMO,2014,0,0.0,0.0,0,0.0,0,0.0,0.0,0,0,7,0.0,0.0,0.0,0.0,339
WP152014,KALMAEGI,2014,0,0.0,0.0,0,0.0,0,0.0,0.0,0,0,9,0.0,0.0,0.0,0.0,340
WP171949,PATRICIA,1949,0,0.0,0.0,0,0.0,0,0.0,0.0,0,0,4,0.0,0.0,0.0,0.0,341
WP012015,MEKKHALA,2015,0,0.0,0.0,0,0.0,0,0.0,0.0,0,0,14,0.0,0.0,0.0,0.0,342
WP042015,MAYSAK,2015,0,0.0,0.0,0,0.0,0,0.0,0.0,0,0,7,0.0,0.0,0.0,0.0,343
WP062015,NOUL,2015,0,0.0,0.0,0,0.0,0,0.0,0.0,0,0,12,0.0,0.0,0.0,0.0,344
WP132015,SOUDELOR,2015,0,0.0,0.0,0,0.0,0,0.0,0.0,0,0,3,0.0,0.0,0.0,0.0,345
WP162015,GONI,2015,0,0.0,0.0,0,0.0,0,0.0,0.0,0,0,13,0.0,0.0,0.0,0.0,346
WP161949,OMELIA,1949,0,0.0,0.0,0,0.0,0,0.0,0.0,0,0,9,0.0,0.0,0.0,0.0,347
WP081949,JUDITH,1949,0,0.0,0.0,0,0.0,0,0.0,0.0,0,0,8,0.0,0.0,0.0,0.0,348
WP022016,NEPARTAK,2016,0,0.0,0.0,0,0.0,0,0.0,0.0,0,0,5,0.0,0.0,0.0,0.0,349
WP062016,NIDA,2016,0,0.0,0.0,0,0.0,0,0.0,0.0,0,0,15,0.0,0.0,0.0,0.0,350
WP162016,MERANTI,2016,0,0.0,0.0,0,0.0,0,0.0,0.0,0,0,6,0.0,0.0,0.0,0.0,351
WP182016,MALAKAS,2016,0,0.0,0.0,0,0.0,0,0.0,0.0,0,0,5,0.0,0.0,0.0,0.0,352
WP161959,AMY,1959,0,0.0,0.0,0,0.0,0,0.0,0.0,0,0,9,0.0,0.0,0.0,0.0,353
WP011960,KAREN,1960,0,0.0,0.0,0,0.0,0,0.0,0.0,0,0,19,0.0,0.0,0.0,0.0,354
WP181959,CHARLOTTE,1959,0,0.0,0.0,0,0.0,0,0.0,0.0,0,0,11,0.0,0.0,0.0,0.0,355
WP201982,KEN,1982,0,0.0,0.0,0,0.0,0,0.0,0.0,0,0,15,0.0,0.0,0.0,0.0,356
WP101983,ELLEN,1983,0,0.0,0.0,0,0.0,0,0.0,0.0,0,0,13,0.0,0.0,0.0,0.0,357
WP041983,WAYNE,1983,0,0.0,0.0,0,0.0,0,0.0,0.0,0,0,6,0.0,0.0,0.0,0.0,358
WP011966,HESTER,1966,0,0.0,0.0,0,0.0,0,0.0,0.0,0,0,16,0.0,0.0,0.0,0.0,359
WP061966,MAMIE,1966,0,0.0,0.0,0,0.0,0,0.0,0.0,0,0,8,0.0,0.0,0.0,0.0,360
WP111966,SUSAN,1966,0,0.0,0.0,0,0.0,0,0.0,0.0,0,0,12,0.0,0.0,0.0,0.0,361
WP191966,ELSIE,1966,0,0.0,0.0,0,0.0,0,0.0,0.0,0,0,16,0.0,0.0,0.0,0.0,362
WP021967,SALLY,1967,0,0.0,0.0,0,0.0,0,0.0,0.0,0,0,6,0.0,0.0,0.0,0.0,363
WP181967,MARGE,1967,0,0.0,0.0,0,0.0,0,0.0,0.0,0,0,10,0.0,0.0,0.0,0.0,364
WP121982,CECIL,1982,0,0.0,0.0,0,0.0,0,0.0,0.0,0,0,15,0.0,0.0,0.0,0.0,365
WP101982,ANDY,1982,0,0.0,0.0,0,0.0,0,0.0,0.0,0,0,5,0.0,0.0,0.0,0.0,366
WP161945,HELEN,1945,0,0.0,0.0,0,0.0,0,0.0,0.0,0,0,6,0.0,0.0,0.0,0.0,367
WP061967,ANITA,1967,0,0.0,0.0,0,0.0,0,0.0,0.0,0,0,11,0.0,0.0,0.0,0.0,368
WP291981,LEE,1981,0,0.0,0.0,0,0.0,0,0.0,0.0,0,0,10,0.0,0.0,0.0,0.0,369
WP251981,HAZEN,1981,0,0.0,0.0,0,0.0,0,0.0,0.0,0,0,10,0.0,0.0,0.0,0.0,370
WP201983,ORCHID,1983,0,0.0,0.0,0,0.0,0,0.0,0.0,0,0,32,0.0,0.0,0.0,0.0,371
WP031984,ALEX,1984,0,0.0,0.0,0,0.0,0,0.0,0.0,0,0,9,0.0,0.0,0.0,0.0,372
WP331965,FAYE,1965,0,0.0,0.0,0,0.0,0,0.0,0.0,0,0,4,0.0,0.0,0.0,0.0,373
WP261984,WARREN,1984,0,0.0,0.0,0,0.0,0,0.0,0.0,0,0,18,0.0,0.0,0.0,0.0,374
WP231965,ROSE,1965,0,0.0,0.0,0,0.0,0,0.0,0.0,0,0,12,0.0,0.0,0.0,0.0,375
WP281984,BILL,1984,0,0.0,0.0,0,0.0,0,0.0,0.0,0,0,23,0.0,0.0,0.0,0.0,376
WP051985,HAL,1985,0,0.0,0.0,0,0.0,0,0.0,0.0,0,0,12,0.0,0.0,0.0,0.0,377
WP161985,TESS,1985,0,0.0,0.0,0,0.0,0,0.0,0.0,0,0,11,0.0,0.0,0.0,0.0,378
WP201985,BRENDAN,1985,0,0.0,0.0,0,0.0,0,0.0,0.0,0,0,5,0.0,0.0,0.0,0.0,379
WP141965,HARRIET,1965,0,0.0,0.0,0,0.0,0,0.0,0.0,0,0,3,0.0,0.0,0.0,0.0,380
WP271985,HOPE,1985,0,0.0,0.0,0,0.0,0,0.0,0.0,0,0,8,0.0,0.0,0.0,0.0,381
WP051986,NANCY,1986,0,0.0,0.0,0,0.0,0,0.0,0.0,0,0,6,0.0,0.0,0.0,0.0,382
WP101965,DINAH,1965,0,0.0,0.0,0,0.0,0,0.0,0.0,0,0,9,0.0,0.0,0.0,0.0,383
WP131986,WAYNE,1986,0,0.0,0.0,0,0.0,0,0.0,0.0,0,0,45,0.0,0.0,0.0,0.0,384
WP151986,ABBY,1986,0,0.0,0.0,0,0.0,0,0.0,0.0,0,0,7,0.0,0.0,0.0,0.0,385
WP191986,ELLEN,1986,0,0.0,0.0,0,0.0,0,0.0,0.0,0,0,23,0.0,0.0,0.0,0.0,386
WP241986,JOE,1986,0,0.0,0.0,0,0.0,0,0.0,0.0,0,0,16,0.0,0.0,0.0,0.0,387
WP201981,CLARA,1981,0,0.0,0.0,0,0.0,0,0.0,0.0,0,0,14,0.0,0.0,0.0,0.0,388
WP041981,IKE,1981,0,0.0,0.0,0,0.0,0,0.0,0.0,0,0,5,0.0,0.0,0.0,0.0,389
WP061987,VERNON,1987,0,0.0,0.0,0,0.0,0,0.0,0.0,0,0,9,0.0,0.0,0.0,0.0,390
WP311971,FAYE(GLORIA):GLORIA,1971,0,0.0,0.0,0,0.0,0,0.0,0.0,0,0,18,0.0,0.0,0.0,0.0,391
WP221976,LOUISE,1976,0,0.0,0.0,0,0.0,0,0.0,0.0,0,0,8,0.0,0.0,0.0,0.0,392
WP121971,HARRIET,1971,0,0.0,0.0,0,0.0,0,0.0,0.0,0,0,8,0.0,0.0,0.0,0.0,393
WP161971,LUCY,1971,0,0.0,0.0,0,0.0,0,0.0,0.0,0,0,13,0.0,0.0,0.0,0.0,394
WP171975,ELSIE,1975,0,0.0,0.0,0,0.0,0,0.0,0.0,0,0,12,0.0,0.0,0.0,0.0,395
WP181971,NADINE,1971,0,0.0,0.0,0,0.0,0,0.0,0.0,0,0,5,0.0,0.0,0.0,0.0,396
WP301971,ELAINE,1971,0,0.0,0.0,0,0.0,0,0.0,0.0,0,0,12,0.0,0.0,0.0,0.0,397
WP341971,IRMA,1971,0,0.0,0.0,0,0.0,0,0.0,0.0,0,0,4,0.0,0.0,0.0,0.0,398
WP321967,FREDA,1967,0,0.0,0.0,0,0.0,0,0.0,0.0,0,0,6,0.0,0.0,0.0,0.0,399
WP281974,DELLA,1974,0,0.0,0.0,0,0.0,0,0.0,0.0,0,0,15,0.0,0.0,0.0,0.0,400
WP271974,CARMEN,1974,0,0.0,0.0,0,0.0,0,0.0,0.0,0,0,11,0.0,0.0,0.0,0.0,401
WP141972,BETTY,1972,0,0.0,0.0,0,0.0,0,0.0,0.0,0,0,3,0.0,0.0,0.0,0.0,402
WP041973,BILLIE,1973,0,0.0,0.0,0,0.0,0,0.0,0.0,0,0,11,0.0,0.0,0.0,0.0,403
WP061974,DINAH,1974,0,0.0,0.0,0,0.0,0,0.0,0.0,0,0,13,0.0,0.0,0.0,0.0,404
WP201973,RUTH,1973,0,0.0,0.0,0,0.0,0,0.0,0.0,0,0,10,0.0,0.0,0.0,0.0,405
WP101971,FREDA,1971,0,0.0,0.0,0,0.0,0,0.0,0.0,0,0,10,0.0,0.0,0.0,0.0,406
WP101977,BABE,1977,0,0.0,0.0,0,0.0,0,0.0,0.0,0,0,5,0.0,0.0,0.0,0.0,407
WP121977,DINAH,1977,0,0.0,0.0,0,0.0,0,0.0,0.0,0,0,28,0.0,0.0,0.0,0.0,408
WP031971,VERA,1971,0,0.0,0.0,0,0.0,0,0.0,0.0,0,0,11,0.0,0.0,0.0,0.0,409
WP021970,OLGA,1970,0,0.0,0.0,0,0.0,0,0.0,0.0,0,0,5,0.0,0.0,0.0,0.0,410
WP241978,ORA,1978,0,0.0,0.0,0,0.0,0,0.0,0.0,0,0,4,0.0,0.0,0.0,0.0,411
WP011970,NANCY,1970,0,0.0,0.0,0,0.0,0,0.0,0.0,0,0,12,0.0,0.0,0.0,0.0,412
WP051969,VIOLA,1969,0,0.0,0.0,0,0.0,0,0.0,0.0,0,0,10,0.0,0.0,0.0,0.0,413
WP061979,ELLIS,1979,0,0.0,0.0,0,0.0,0,0.0,0.0,0,0,12,0.0,0.0,0.0,0.0,414
WP091979,HOPE,1979,0,0.0,0.0,0,0.0,0,0.0,0.0,0,0,7,0.0,0.0,0.0,0.0,415
WP121979,IRVING,1979,0,0.0,0.0,0,0.0,0,0.0,0.0,0,0,7,0.0,0.0,0.0,0.0,416
WP221979,SARAH,1979,0,0.0,0.0,0,0.0,0,0.0,0.0,0,0,41,0.0,0.0,0.0,0.0,417
WP271968,ORA,1968,0,0.0,0.0,0,0.0,0,0.0,0.0,0,0,7,0.0,0.0,0.0,0.0,418
WP151968,DELLA,1968,0,0.0,0.0,0,0.0,0,0.0,0.0,0,0,3,0.0,0.0,0.0,0.0,419
WP091980,JOE,1980,0,0.0,0.0,0,0.0,0,0.0,0.0,0,0,7,0.0,0.0,0.0,0.0,420
WP121968,WENDY,1968,0,0.0,0.0,0,0.0,0,0.0,0.0,0,0,14,0.0,0.0,0.0,0.0,421
WP331967,GILDA,1967,0,0.0,0.0,0,0.0,0,0.0,0.0,0,0,7,0.0,0.0,0.0,0.0,422
WP051987,THELMA,1987,0,0.0,0.0,0,0.0,0,0.0,0.0,0,0,7,0.0,0.0,0.0,0.0,423
WP081987,ALEX,1987,0,0.0,0.0,0,0.0,0,0.0,0.0,0,0,7,0.0,0.0,0.0,0.0,424
WP181997,AMBER,1997,0,0.0,0.0,0,0.0,0,0.0,0.0,0,0,12,0.0,0.0,0.0,0.0,425
WP211993,ABE,1993,0,0.0,0.0,0,0.0,0,0.0,0.0,0,0,24,0.0,0.0,0.0,0.0,426
WP081994,TIM,1994,0,0.0,0.0,0,0.0,0,0.0,0.0,0,0,7,0.0,0.0,0.0,0.0,427
WP161961,LORNA,1961,0,0.0,0.0,0,0.0,0,0.0,0.0,0,0,13,0.0,0.0,0.0,0.0,428
WP061962,KATE,1962,0,0.0,0.0,0,0.0,0,0.0,0.0,0,0,16,0.0,0.0,0.0,0.0,429
WP101962,OPAL,1962,0,0.0,0.0,0,0.0,0,0.0,0.0,0,0,4,0.0,0.0,0.0,0.0,430
WP111962,PATSY,1962,0,0.0,0.0,0,0.0,0,0.0,0.0,0,0,8,0.0,0.0,0.0,0.0,431
WP161962,WANDA,1962,0,0.0,0.0,0,0.0,0,0.0,0.0,0,0,10,0.0,0.0,0.0,0.0,432
WP171962,AMY,1962,0,0.0,0.0,0,0.0,0,0.0,0.0,0,0,6,0.0,0.0,0.0,0.0,433
WP261991,SETH,1991,0,0.0,0.0,0,0.0,0,0.0,0.0,0,0,18,0.0,0.0,0.0,0.0,434
WP201962,DINAH,1962,0,0.0,0.0,0,0.0,0,0.0,0.0,0,0,5,0.0,0.0,0.0,0.0,435
WP261992,COLLEEN,1992,0,0.0,0.0,0,0.0,0,0.0,0.0,0,0,8,0.0,0.0,0.0,0.0,436
WP241992,ANGELA,1992,0,0.0,0.0,0,0.0,0,0.0,0.0,0,0,19,0.0,0.0,0.0,0.0,437
WP231992,YVETTE,1992,0,0.0,0.0,0,0.0,0,0.0,0.0,0,0,15,0.0,0.0,0.0,0.0,438
WP191992,TED,1992,0,0.0,0.0,0,0.0,0,0.0,0.0,0,0,10,0.0,0.0,0.0,0.0,439
WP231962,GILDA:IVY,1962,0,0.0,0.0,0,0.0,0,0.0,0.0,0,0,11,0.0,0.0,0.0,0.0,440
WP171994,DOUG,1994,0,0.0,0.0,0,0.0,0,0.0,0.0,0,0,5,0.0,0.0,0.0,0.0,441
WP141961,JUNE,1961,0,0.0,0.0,0,0.0,0,0.0,0.0,0,0,12,0.0,0.0,0.0,0.0,442
WP091961,ELSIE,1961,0,0.0,0.0,0,0.0,0,0.0,0.0,0,0,7,0.0,0.0,0.0,0.0,443
WP061961,BETTY,1961,0,0.0,0.0,0,0.0,0,0.0,0.0,0,0,10,0.0,0.0,0.0,0.0,444
WP121995,KENT,1995,0,0.0,0.0,0,0.0,0,0.0,0.0,0,0,18,0.0,0.0,0.0,0.0,445
WP191995,RYAN,1995,0,0.0,0.0,0,0.0,0,0.0,0.0,0,0,5,0.0,0.0,0.0,0.0,446
WP151960,ELAINE,1960,0,0.0,0.0,0,0.0,0,0.0,0.0,0,0,11,0.0,0.0,0.0,0.0,447
WP081960,SHIRLEY,1960,0,0.0,0.0,0,0.0,0,0.0,0.0,0,0,5,0.0,0.0,0.0,0.0,448
WP061960,POLLY,1960,0,0.0,0.0,0,0.0,0,0.0,0.0,0,0,14,0.0,0.0,0.0,0.0,449
WP041996,BART,1996,0,0.0,0.0,0,0.0,0,0.0,0.0,0,0,16,0.0,0.0,0.0,0.0,450
WP091996,GLORIA,1996,0,0.0,0.0,0,0.0,0,0.0,0.0,0,0,15,0.0,0.0,0.0,0.0,451
WP181996,NIKI,1996,0,0.0,0.0,0,0.0,0,0.0,0.0,0,0,9,0.0,0.0,0.0,0.0,452
WP231996,SALLY,1996,0,0.0,0.0,0,0.0,0,0.0,0.0,0,0,6,0.0,0.0,0.0,0.0,453
WP261996,VIOLET,1996,0,0.0,0.0,0,0.0,0,0.0,0.0,0,0,10,0.0,0.0,0.0,0.0,454
WP191973,PATSY,1973,0,0.0,0.0,0,0.0,0,0.0,0.0,0,0,8,0.0,0.0,0.0,0.0,455
WP201959,EMMA,1959,0,0.0,0.0,0,0.0,0,0.0,0.0,0,0,6,0.0,0.0,0.0,0.0,456
WP121997,TINA,1997,0,0.0,0.0,0,0.0,0,0.0,0.0,0,0,5,0.0,0.0,0.0,0.0,457
WP021992,BOBBIE,1992,0,0.0,0.0,0,0.0,0,0.0,0.0,0,0,9,0.0,0.0,0.0,0.0,458
WP261962,JEAN,1962,0,0.0,0.0,0,0.0,0,0.0,0.0,0,0,7,0.0,0.0,0.0,0.0,459
WP221964,TILDA,1964,0,0.0,0.0,0,0.0,0,0.0,0.0,0,0,9,0.0,0.0,0.0,0.0,460
WP041988,THAD,1988,0,0.0,0.0,0,0.0,0,0.0,0.0,0,0,9,0.0,0.0,0.0,0.0,461
WP221989,SARAH,1989,0,0.0,0.0,0,0.0,0,0.0,0.0,0,0,12,0.0,0.0,0.0,0.0,462
WP031989,BRENDA,1989,0,0.0,0.0,0,0.0,0,0.0,0.0,0,0,14,0.0,0.0,0.0,0.0,463
WP081964,ELSIE,1964,0,0.0,0.0,0,0.0,0,0.0,0.0,0,0,9,0.0,0.0,0.0,0.0,464
WP221988,PAT,1988,0,0.0,0.0,0,0.0,0,0.0,0.0,0,0,7,0.0,0.0,0.0,0.0,465
WP201988,NELSON,1988,0,0.0,0.0,0,0.0,0,0.0,0.0,0,0,8,0.0,0.0,0.0,0.0,466
WP061988,WARREN,1988,0,0.0,0.0,0,0.0,0,0.0,0.0,0,0,9,0.0,0.0,0.0,0.0,467
WP021988,SUSAN,1988,0,0.0,0.0,0,0.0,0,0.0,0.0,0,0,16,0.0,0.0,0.0,0.0,468
WP221991,NAT,1991,0,0.0,0.0,0,0.0,0,0.0,0.0,0,0,58,0.0,0.0,0.0,0.0,469
WP011988,ROY,1988,0,0.0,0.0,0,0.0,0,0.0,0.0,0,0,9,0.0,0.0,0.0,0.0,470
WP201964,RUBY,1964,0,0.0,0.0,0,0.0,0,0.0,0.0,0,0,12,0.0,0.0,0.0,0.0,471
WP211964,SALLY,1964,0,0.0,0.0,0,0.0,0,0.0,0.0,0,0,10,0.0,0.0,0.0,0.0,472
WP211987,LYNN,1987,0,0.0,0.0,0,0.0,0,0.0,0.0,0,0,20,0.0,0.0,0.0,0.0,473
WP141987,GERALD,1987,0,0.0,0.0,0,0.0,0,0.0,0.0,0,0,23,0.0,0.0,0.0,0.0,474
WP111987,DINAH,1987,0,0.0,0.0,0,0.0,0,0.0,0.0,0,0,4,0.0,0.0,0.0,0.0,475
WP061964,CORA,1964,0,0.0,0.0,0,0.0,0,0.0,0.0,0,0,4,0.0,0.0,0.0,0.0,476
WP231963,PHYLLIS,1963,0,0.0,0.0,0,0.0,0,0.0,0.0,0,0,8,0.0,0.0,0.0,0.0,477
WP131963,FAYE,1963,0,0.0,0.0,0,0.0,0,0.0,0.0,0,0,10,0.0,0.0,0.0,0.0,478
WP081963,AGNES,1963,0,0.0,0.0,0,0.0,0,0.0,0.0,0,0,10,0.0,0.0,0.0,0.0,479
WP031990,MARIAN,1990,0,0.0,0.0,0,0.0,0,0.0,0.0,0,0,13,0.0,0.0,0.0,0.0,480
WP061990,OFELIA,1990,0,0.0,0.0,0,0.0,0,0.0,0.0,0,0,11,0.0,0.0,0.0,0.0,481
WP071990,PERCY,1990,0,0.0,0.0,0,0.0,0,0.0,0.0,0,0,12,0.0,0.0,0.0,0.0,482
WP131990,YANCY,1990,0,0.0,0.0,0,0.0,0,0.0,0.0,0,0,5,0.0,0.0,0.0,0.0,483
WP161990,BECKY,1990,0,0.0,0.0,0,0.0,0,0.0,0.0,0,0,10,0.0,0.0,0.0,0.0,484
WP171990,DOT,1990,0,0.0,0.0,0,0.0,0,0.0,0.0,0,0,3,0.0,0.0,0.0,0.0,485
WP191990,ED,1990,0,0.0,0.0,0,0.0,0,0.0,0.0,0,0,8,0.0,0.0,0.0,0.0,486
WP071963,WENDY,1963,0,0.0,0.0,0,0.0,0,0.0,0.0,0,0,4,0.0,0.0,0.0,0.0,487
WP291990,PAGE,1990,0,0.0,0.0,0,0.0,0,0.0,0.0,0,0,7,0.0,0.0,0.0,0.0,488
WP041991,WALT,1991,0,0.0,0.0,0,0.0,0,0.0,0.0,0,0,10,0.0,0.0,0.0,0.0,489
WP051963,TRIX,1963,0,0.0,0.0,0,0.0,0,0.0,0.0,0,0,18,0.0,0.0,0.0,0.0,490
WP071991,AMY,1991,0,0.0,0.0,0,0.0,0,0.0,0.0,0,0,6,0.0,0.0,0.0,0.0,491
WP041963,SHIRLEY,1963,0,0.0,0.0,0,0.0,0,0.0,0.0,0,0,3,0.0,0.0,0.0,0.0,492
WP041982,PAT,1982,0,0.0,0.0,0,0.0,0,0.0,0.0,0,0,13,0.0,0.0,0.0,0.0,493
