storm_id,storm_name,year,grid_impact_index_v5r,grid_impact_index_v5r_stoch,rank_v5r_det,rank_v5r_stoch,rank_shift,abs_rank_shift
WP182006,XANGSANE,2006,0.9590048443764728,0.5561027528968594,1.0,3.0,-2.0,2.0
WP312013,HAIYAN,2013,0.8360114777618364,0.4432735700854465,2.0,7.0,-5.0,5.0
WP092014,RAMMASUN,2014,0.5254268734054386,0.3580842293350459,3.0,11.0,-8.0,8.0
WP241988,SKIP,1988,0.5188111271288377,0.2500485614905919,4.0,25.0,-21.0,21.0
WP291995,ANGELA,1995,0.4932560006618378,0.5035723684354442,5.0,4.0,1.0,1.0
WP242006,DURIAN,2006,0.4008010757015932,0.2365812284272519,6.0,29.0,-23.0,23.0
WP282021,RAI,2021,0.3800537443710201,0.2637107338442998,7.0,22.0,-15.0,15.0
WP222020,GONI,2020,0.3764108317991542,0.2485879700995239,8.0,27.0,-19.0,19.0
WP171970,JOAN,1970,0.3703132708235444,0.3253962261940954,9.0,15.0,-6.0,6.0
WP222006,CIMARON,2006,0.2760316216483319,0.1426416115361921,10.0,44.0,-34.0,34.0
WP271990,MIKE,1990,0.2661520379684105,0.3529155690641847,11.0,12.0,-1.0,1.0
WP201952,WILMA,1952,0.2594674224164396,0.2118927401678863,12.0,34.0,-22.0,22.0
WP182022,NORU,2022,0.2359107384027017,0.3919785810325678,13.0,9.0,4.0,4.0
WP292019,KAMMURI,2019,0.2091466010803688,0.1011999176863688,14.0,61.0,-47.0,47.0
WP201998,BABS,1998,0.1831340583599061,0.3977817590432331,15.0,8.0,7.0,7.0
WP302019,PHANFONE,2019,0.1701239963025239,0.3102285422470279,16.0,17.0,-1.0,1.0
WP072008,FENGSHEN,2008,0.1701239963025239,0.4897179619925533,16.0,5.0,11.0,11.0
WP251987,PHYLLIS,1987,0.1526829078110745,0.1232056938400201,18.0,50.0,-32.0,32.0
WP152010,MEGI,2010,0.1517830056743506,0.2025317160556635,19.0,36.0,-17.0,17.0
WP231959,HARRIET,1959,0.148180673937076,0.1761899643657349,20.0,38.0,-18.0,18.0
WP181952,TRIX,1952,0.148180673937076,0.2128683133964452,20.0,33.0,-13.0,13.0
WP361964,LOUISE:MARGE,1964,0.1194097278673315,0.2646001938047558,22.0,21.0,1.0,1.0
WP231987,NINA,1987,0.116855281391707,0.1034193093760196,23.0,57.0,-34.0,34.0
WP262012,BOPHA,2012,0.1137517228319206,0.2050143521571818,24.0,35.0,-11.0,11.0
WP311967,EMMA,1967,0.1128561056964044,0.3224863585177646,25.0,16.0,9.0,9.0
WP021982,NELSON,1982,0.107214605916112,0.256019627706807,26.0,23.0,3.0,3.0
WP281978,RITA,1978,0.1071794242301898,0.0874085028946363,27.0,72.0,-45.0,45.0
WP141955,KATE,1955,0.106256576059275,0.0587422845595958,28.0,102.0,-74.0,74.0
WP302016,NOCK-TEN,2016,0.1036286366838536,0.1470377312841388,29.0,43.0,-14.0,14.0
WP221959,GILDA,1959,0.0952218297245578,0.1130016122073671,30.0,53.0,-23.0,23.0
WP211971,ROSE,1971,0.0940614541080555,0.0715127274596269,31.0,85.0,-54.0,54.0
WP181998,ZEB,1998,0.0940614541080555,0.0698376384232291,31.0,86.0,-55.0,55.0
WP291967,CARLA,1967,0.0940614541080555,0.0536402437432693,31.0,105.0,-74.0,74.0
WP041967,VIOLET,1967,0.0940614541080555,0.0638443253759224,31.0,95.0,-64.0,64.0
WP241952,DELLA,1952,0.0940614541080555,0.0902458016885353,31.0,71.0,-40.0,40.0
WP181970,KATE,1970,0.0896775792185627,0.0992148650690665,36.0,63.0,-27.0,27.0
WP131984,IKE,1984,0.0646593425745046,0.1153177412554926,37.0,51.0,-14.0,14.0
WP252020,VAMCO,2020,0.06156643196529,0.0753476794634028,38.0,82.0,-44.0,44.0
WP112013,UTOR,2013,0.0599052890383567,0.0792731134089283,39.0,79.0,-40.0,40.0
WP222011,NALGAE,2011,0.0416126061115274,0.1017763761514948,40.0,59.0,-19.0,19.0
WP262018,MANGKHUT,2018,0.0304878048780487,0.0255102040816326,41.0,130.0,-89.0,89.0
WP171956,JEAN,1956,0.0182926829268292,0.1315349474840252,42.0,47.0,-5.0,5.0
WP242015,KOPPU,2015,0.0182926829268292,0.2142787528156119,42.0,32.0,10.0,10.0
WP201995,SIBYL,1995,0.0121951219512195,0.9320228091236494,44.0,1.0,43.0,43.0
WP261989,ANGELA,1989,0.0060975609756097,0.0051020408163265,45.0,165.0,-120.0,120.0
WP271984,AGNES,1984,0.0060975609756097,0.2330049549069484,45.0,31.0,14.0,14.0
WP061951,LOUISE,1951,0.0060975609756097,0.0587422845595958,45.0,102.0,-57.0,57.0
WP361993,MANNY,1993,0.0060975609756097,0.0051020408163265,45.0,165.0,-120.0,120.0
WP091987,BETTY,1987,0.0060975609756097,0.0850905938740385,45.0,75.0,-30.0,30.0
WP021994,OWEN,1994,0.0,0.1141972504094988,50.0,52.0,-2.0,2.0
WP371993,NELL,1993,0.0,0.1935782394501506,50.0,37.0,13.0,13.0
WP161993,TASHA,1993,0.0,0.0051020408163265,50.0,165.0,-115.0,115.0
WP061993,KORYN,1993,0.0,0.0051020408163265,50.0,165.0,-115.0,115.0
WP211993,ABE,1993,0.0,0.0,50.0,221.0,-171.0,171.0
WP081994,TIM,1994,0.0,0.0,50.0,221.0,-171.0,171.0
WP261993,FLO,1993,0.0,0.0306122448979591,50.0,127.0,-77.0,77.0
WP301993,IRA,1993,0.0,0.0533537963921474,50.0,109.0,-59.0,59.0
WP351993,LOLA,1993,0.0,0.0956815953863106,50.0,66.0,-16.0,16.0
WP261992,COLLEEN,1992,0.0,0.0,50.0,221.0,-171.0,171.0
WP241992,ANGELA,1992,0.0,0.0,50.0,221.0,-171.0,171.0
WP231992,YVETTE,1992,0.0,0.0,50.0,221.0,-171.0,171.0
WP182000,BILIS,2000,0.0,0.0,50.0,221.0,-171.0,171.0
WP261999,DAN,1999,0.0,0.0051020408163265,50.0,165.0,-115.0,115.0
WP161999,SAM,1999,0.0,0.0051020408163265,50.0,165.0,-115.0,115.0
WP061999,MAGGIE,1999,0.0,0.0,50.0,221.0,-171.0,171.0
WP241998,FAITH,1998,0.0,0.0051020408163265,50.0,165.0,-115.0,115.0
WP111998,VICKI,1998,0.0,0.0794856659936734,50.0,78.0,-28.0,28.0
WP041998,OTTO,1998,0.0,0.0,50.0,221.0,-171.0,171.0
WP271997,IVAN,1997,0.0,0.019277246775847,50.0,142.0,-92.0,92.0
WP181997,AMBER,1997,0.0,0.0,50.0,221.0,-171.0,171.0
WP121997,TINA,1997,0.0,0.0,50.0,221.0,-171.0,171.0
WP321996,ABEL:BETH,1996,0.0,0.0638443253759224,50.0,95.0,-45.0,45.0
WP191995,RYAN,1995,0.0,0.0,50.0,221.0,-171.0,171.0
WP261996,VIOLET,1996,0.0,0.0,50.0,221.0,-171.0,171.0
WP231996,SALLY,1996,0.0,0.0,50.0,221.0,-171.0,171.0
WP181996,NIKI,1996,0.0,0.0,50.0,221.0,-171.0,171.0
WP091996,GLORIA,1996,0.0,0.0,50.0,221.0,-171.0,171.0
WP041996,BART,1996,0.0,0.0,50.0,221.0,-171.0,171.0
WP281995,ZACK,1995,0.0,0.2940569986733248,50.0,20.0,30.0,30.0
WP121995,KENT,1995,0.0,0.0,50.0,221.0,-171.0,171.0
WP061995,GARY,1995,0.0,0.0462999079771112,50.0,115.0,-65.0,65.0
WP381994,AXEL,1994,0.0,0.2483110773559279,50.0,28.0,22.0,22.0
WP341994,TERESA,1994,0.0,0.0518112177541182,50.0,111.0,-61.0,61.0
WP321994,SETH,1994,0.0,0.0051020408163265,50.0,165.0,-115.0,115.0
WP171994,DOUG,1994,0.0,0.0,50.0,221.0,-171.0,171.0
WP291996,ZANE,1996,0.0,0.0051020408163265,50.0,165.0,-115.0,115.0
WP041988,THAD,1988,0.0,0.0,50.0,221.0,-171.0,171.0
WP021988,SUSAN,1988,0.0,0.0,50.0,221.0,-171.0,171.0
WP011988,ROY,1988,0.0,0.0,50.0,221.0,-171.0,171.0
WP211987,LYNN,1987,0.0,0.0,50.0,221.0,-171.0,171.0
WP141987,GERALD,1987,0.0,0.0,50.0,221.0,-171.0,171.0
WP111987,DINAH,1987,0.0,0.0,50.0,221.0,-171.0,171.0
WP101987,CARY,1987,0.0,0.0619538036273387,50.0,97.0,-47.0,47.0
WP081987,ALEX,1987,0.0,0.0,50.0,221.0,-171.0,171.0
WP061987,VERNON,1987,0.0,0.0,50.0,221.0,-171.0,171.0
WP051987,THELMA,1987,0.0,0.0,50.0,221.0,-171.0,171.0
WP271986,MARGE,1986,0.0,0.0495470664030526,50.0,113.0,-63.0,63.0
WP241986,JOE,1986,0.0,0.0,50.0,221.0,-171.0,171.0
WP191986,ELLEN,1986,0.0,0.0,50.0,221.0,-171.0,171.0
WP062000,KAI-TAK,2000,0.0,0.0051020408163265,50.0,165.0,-115.0,115.0
WP131986,WAYNE,1986,0.0,0.0,50.0,221.0,-171.0,171.0
WP071986,PEGGY,1986,0.0,0.0536402437432693,50.0,105.0,-55.0,55.0
WP051986,NANCY,1986,0.0,0.0,50.0,221.0,-171.0,171.0
WP271985,HOPE,1985,0.0,0.0,50.0,221.0,-171.0,171.0
WP241985,FAYE,1985,0.0,0.010204081632653,50.0,149.0,-99.0,99.0
WP211985,DOT,1985,0.0,0.0204081632653061,50.0,137.0,-87.0,87.0
WP201985,BRENDAN,1985,0.0,0.0,50.0,221.0,-171.0,171.0
WP161985,TESS,1985,0.0,0.0,50.0,221.0,-171.0,171.0
WP051985,HAL,1985,0.0,0.0,50.0,221.0,-171.0,171.0
WP281984,BILL,1984,0.0,0.0,50.0,221.0,-171.0,171.0
WP261984,WARREN,1984,0.0,0.0,50.0,221.0,-171.0,171.0
WP031984,ALEX,1984,0.0,0.0,50.0,221.0,-171.0,171.0
WP201983,ORCHID,1983,0.0,0.0,50.0,221.0,-171.0,171.0
WP151986,ABBY,1986,0.0,0.0,50.0,221.0,-171.0,171.0
WP191992,TED,1992,0.0,0.0,50.0,221.0,-171.0,171.0
WP051992,ELI,1992,0.0,0.0153061224489795,50.0,145.0,-95.0,95.0
WP021992,BOBBIE,1992,0.0,0.0,50.0,221.0,-171.0,171.0
WP261991,SETH,1991,0.0,0.0,50.0,221.0,-171.0,171.0
WP251991,RUTH,1991,0.0,0.0536402437432693,50.0,105.0,-55.0,55.0
WP221991,NAT,1991,0.0,0.0,50.0,221.0,-171.0,171.0
WP081991,BRENDAN,1991,0.0,0.0051020408163265,50.0,165.0,-115.0,115.0
WP071991,AMY,1991,0.0,0.0,50.0,221.0,-171.0,171.0
WP051991,YUNYA,1991,0.0,0.0051020408163265,50.0,165.0,-115.0,115.0
WP041991,WALT,1991,0.0,0.0,50.0,221.0,-171.0,171.0
WP291990,PAGE,1990,0.0,0.0,50.0,221.0,-171.0,171.0
WP191990,ED,1990,0.0,0.0,50.0,221.0,-171.0,171.0
WP171990,DOT,1990,0.0,0.0,50.0,221.0,-171.0,171.0
WP061988,WARREN,1988,0.0,0.0,50.0,221.0,-171.0,171.0
WP131990,YANCY,1990,0.0,0.0,50.0,221.0,-171.0,171.0
WP071990,PERCY,1990,0.0,0.0,50.0,221.0,-171.0,171.0
WP061990,OFELIA,1990,0.0,0.0,50.0,221.0,-171.0,171.0
WP031990,MARIAN,1990,0.0,0.0,50.0,221.0,-171.0,171.0
WP331989,HUNT,1989,0.0,0.0204081632653061,50.0,137.0,-87.0,87.0
WP301989,ELSIE,1989,0.0,0.0153061224489795,50.0,145.0,-95.0,95.0
WP291989,DAN,1989,0.0,0.0051020408163265,50.0,165.0,-115.0,115.0
WP221989,SARAH,1989,0.0,0.0,50.0,221.0,-171.0,171.0
WP081989,GORDON,1989,0.0,0.0681985636986896,50.0,91.0,-41.0,41.0
WP031989,BRENDA,1989,0.0,0.0,50.0,221.0,-171.0,171.0
WP231988,RUBY,1988,0.0,0.1542830220231551,50.0,40.0,10.0,10.0
WP221988,PAT,1988,0.0,0.0,50.0,221.0,-171.0,171.0
WP201988,NELSON,1988,0.0,0.0,50.0,221.0,-171.0,171.0
WP161990,BECKY,1990,0.0,0.0,50.0,221.0,-171.0,171.0
WP112017,NESAT,2017,0.0,0.0,50.0,221.0,-171.0,171.0
WP292016,TOKAGE,2016,0.0,0.0051020408163265,50.0,165.0,-115.0,115.0
WP252016,HAIMA,2016,0.0,0.0051020408163265,50.0,165.0,-115.0,115.0
WP242016,SARIKA,2016,0.0,0.0204081632653061,50.0,137.0,-87.0,87.0
WP202016,MEGI,2016,0.0,0.0,50.0,221.0,-171.0,171.0
WP182016,MALAKAS,2016,0.0,0.0,50.0,221.0,-171.0,171.0
WP162016,MERANTI,2016,0.0,0.0,50.0,221.0,-171.0,171.0
WP062016,NIDA,2016,0.0,0.0,50.0,221.0,-171.0,171.0
WP022016,NEPARTAK,2016,0.0,0.0,50.0,221.0,-171.0,171.0
WP282015,MELOR,2015,0.0,0.1471182850333076,50.0,42.0,8.0,8.0
WP162015,GONI,2015,0.0,0.0,50.0,221.0,-171.0,171.0
WP132015,SOUDELOR,2015,0.0,0.0,50.0,221.0,-171.0,171.0
WP062015,NOUL,2015,0.0,0.0,50.0,221.0,-171.0,171.0
WP092003,IMBUDO,2003,0.0,0.0698376384232291,50.0,86.0,-36.0,36.0
WP012015,MEKKHALA,2015,0.0,0.0,50.0,221.0,-171.0,171.0
WP222014,HAGUPIT,2014,0.0,0.1405053556563247,50.0,45.0,5.0,5.0
WP152014,KALMAEGI,2014,0.0,0.0,50.0,221.0,-171.0,171.0
WP102014,MATMO,2014,0.0,0.0,50.0,221.0,-171.0,171.0
WP292013,KROSA,2013,0.0,0.010204081632653,50.0,149.0,-99.0,99.0
WP242013,NARI,2013,0.0,0.0358100326246775,50.0,122.0,-72.0,72.0
WP172013,USAGI,2013,0.0,0.0,50.0,221.0,-171.0,171.0
WP182012,JELAWAT,2012,0.0,0.0,50.0,221.0,-171.0,171.0
WP152012,TEMBIN,2012,0.0,0.0640751831235587,50.0,94.0,-44.0,44.0
WP142012,KAI-TAK,2012,0.0,0.0,50.0,221.0,-171.0,171.0
WP102012,SAOLA,2012,0.0,0.0,50.0,221.0,-171.0,171.0
WP052012,GUCHOL,2012,0.0,0.0,50.0,221.0,-171.0,171.0
WP042012,MAWAR,2012,0.0,0.019277246775847,50.0,142.0,-92.0,92.0
WP042015,MAYSAK,2015,0.0,0.0,50.0,221.0,-171.0,171.0
WP251948,BEVERLY,1948,0.0,0.0,50.0,221.0,-171.0,171.0
WP221948,RITA,1948,0.0,0.0,50.0,221.0,-171.0,171.0
WP151948,JACKIE,1948,0.0,0.0,50.0,221.0,-171.0,171.0
WP131948,HAZEL,1948,0.0,0.0,50.0,221.0,-171.0,171.0
WP121948,GERTRUDE,1948,0.0,0.0,50.0,221.0,-171.0,171.0
WP071948,ROSE,1948,0.0,0.0051020408163265,50.0,165.0,-115.0,115.0
WP061948,PEARL,1948,0.0,0.0,50.0,221.0,-171.0,171.0
WP271947,JEAN,1947,0.0,0.3021936746525314,50.0,18.0,32.0,32.0
WP231947,FLORA,1947,0.0,0.0204081632653061,50.0,137.0,-87.0,87.0
WP211947,DORA,1947,0.0,0.0946281447119928,50.0,68.0,-18.0,18.0
WP201947,CATHY,1947,0.0,0.0948467587068528,50.0,67.0,-17.0,17.0
WP161947,PAULINE,1947,0.0,0.0204081632653061,50.0,137.0,-87.0,87.0
WP141947,NANETTE,1947,0.0,0.0,50.0,221.0,-171.0,171.0
WP152017,HATO,2017,0.0,0.0,50.0,221.0,-171.0,171.0
WP012024,EWINIAR,2024,0.0,0.0422980958573417,50.0,117.0,-67.0,67.0
WP101945,QUEENIE,1945,0.0,0.0051020408163265,50.0,165.0,-115.0,115.0
WP142023,KOINU,2023,0.0,0.0363663912944419,50.0,121.0,-71.0,71.0
WP102023,HAIKUI,2023,0.0,0.0,50.0,221.0,-171.0,171.0
WP092023,SAOLA,2023,0.0,0.0,50.0,221.0,-171.0,171.0
WP052023,DOKSURI,2023,0.0,0.0,50.0,221.0,-171.0,171.0
WP022023,MAWAR,2023,0.0,0.0,50.0,221.0,-171.0,171.0
WP262022,NALGAE,2022,0.0,0.0766818639696248,50.0,81.0,-31.0,31.0
WP232022,NESAT,2022,0.0,0.0,50.0,221.0,-171.0,171.0
WP142022,MUIFA,2022,0.0,0.0,50.0,221.0,-171.0,171.0
WP122022,HINNAMNOR,2022,0.0,0.0051020408163265,50.0,165.0,-115.0,115.0
WP192021,CHANTHU,2021,0.0,0.0,50.0,221.0,-171.0,171.0
WP182021,CONSON,2021,0.0,0.040126050420168,50.0,119.0,-69.0,69.0
WP022021,SURIGAE,2021,0.0,0.0,50.0,221.0,-171.0,171.0
WP131947,MILDRED,1947,0.0,0.0,50.0,221.0,-171.0,171.0
WP242005,BOLAVEN,2005,0.0,0.0051020408163265,50.0,165.0,-115.0,115.0
WP092005,MATSA,2005,0.0,0.0,50.0,221.0,-171.0,171.0
WP052005,HAITANG,2005,0.0,0.0,50.0,221.0,-171.0,171.0
WP022005,ROKE,2005,0.0,0.06827888306256,50.0,89.0,-39.0,39.0
WP302004,NANMADOL,2004,0.0,0.0,50.0,221.0,-171.0,171.0
WP292004,MUIFA,2004,0.0,0.0051020408163265,50.0,165.0,-115.0,115.0
WP282004,NOCK-TEN,2004,0.0,0.0,50.0,221.0,-171.0,171.0
WP102004,MINDULLE,2004,0.0,0.0051020408163265,50.0,165.0,-115.0,115.0
WP072004,CONSON,2004,0.0,0.0,50.0,221.0,-171.0,171.0
WP042004,NIDA,2004,0.0,0.0,50.0,221.0,-171.0,171.0
WP252003,NEPARTAK,2003,0.0,0.0,50.0,221.0,-171.0,171.0
WP242003,MELOR,2003,0.0,0.0051020408163265,50.0,165.0,-115.0,115.0
WP142003,DUJUAN,2003,0.0,0.0,50.0,221.0,-171.0,171.0
WP202011,NESAT,2011,0.0,0.0595299004384082,50.0,101.0,-51.0,51.0
WP102003,MORAKOT,2003,0.0,0.0,50.0,221.0,-171.0,171.0
WP101983,ELLEN,1983,0.0,0.0,50.0,221.0,-171.0,171.0
WP072003,SOUDELOR,2003,0.0,0.0,50.0,221.0,-171.0,171.0
WP022003,KUJIRA,2003,0.0,0.0,50.0,221.0,-171.0,171.0
WP072002,NOGURI,2002,0.0,0.0,50.0,221.0,-171.0,171.0
WP272001,LINGLING,2001,0.0,0.0,50.0,221.0,-171.0,171.0
WP232001,LEKIMA,2001,0.0,0.0,50.0,221.0,-171.0,171.0
WP112001,TORAJI,2001,0.0,0.0,50.0,221.0,-171.0,171.0
WP102001,YUTU,2001,0.0,0.0,50.0,221.0,-171.0,171.0
WP062001,UTOR,2001,0.0,0.0,50.0,221.0,-171.0,171.0
WP042001,CHEBI,2001,0.0,0.0,50.0,221.0,-171.0,171.0
WP312000,BEBINCA,2000,0.0,0.4557572349163163,50.0,6.0,44.0,44.0
WP302000,XANGSANE,2000,0.0,0.3471254113084248,50.0,13.0,37.0,37.0
WP232000,WUKONG,2000,0.0,0.0,50.0,221.0,-171.0,171.0
WP122003,KROVANH,2003,0.0,0.010204081632653,50.0,149.0,-99.0,99.0
WP142011,NANMADOL,2011,0.0,0.0,50.0,221.0,-171.0,171.0
WP102011,NOCK-TEN,2011,0.0,0.0,50.0,221.0,-171.0,171.0
WP042011,SONGDA,2011,0.0,0.0,50.0,221.0,-171.0,171.0
WP162010,CHABA,2010,0.0,0.0,50.0,221.0,-171.0,171.0
WP032010,CONSON,2010,0.0,0.021198972856159,50.0,135.0,-85.0,85.0
WP232009,MIRINAE,2009,0.0,0.0153061224489795,50.0,145.0,-95.0,95.0
WP222009,LUPIT,2009,0.0,0.0,50.0,221.0,-171.0,171.0
WP192009,PARMA,2009,0.0,0.0051020408163265,50.0,165.0,-115.0,115.0
WP072009,MOLAVE,2009,0.0,0.0,50.0,221.0,-171.0,171.0
WP032009,LINFA,2009,0.0,0.0,50.0,221.0,-171.0,171.0
WP022009,CHAN-HOM,2009,0.0,0.0357142857142857,50.0,123.0,-73.0,73.0
WP012009,KUJIRA,2009,0.0,0.0,50.0,221.0,-171.0,171.0
WP192008,JANGMI,2008,0.0,0.0051020408163265,50.0,165.0,-115.0,115.0
WP022006,CHANCHU,2006,0.0,0.0,50.0,221.0,-171.0,171.0
WP152008,SINLAKU,2008,0.0,0.0051020408163265,50.0,165.0,-115.0,115.0
WP132008,NURI,2008,0.0,0.0051020408163265,50.0,165.0,-115.0,115.0
WP092008,FUNG-WONG,2008,0.0,0.0,50.0,221.0,-171.0,171.0
WP052008,HALONG,2008,0.0,0.0941625048927561,50.0,69.0,-19.0,19.0
WP242007,MITAG,2007,0.0,0.0,50.0,221.0,-171.0,171.0
WP212007,PEIPAH,2007,0.0,0.0,50.0,221.0,-171.0,171.0
WP172007,KROSA,2007,0.0,0.0,50.0,221.0,-171.0,171.0
WP092007,SEPAT,2007,0.0,0.0,50.0,221.0,-171.0,171.0
WP072007,PABUK,2007,0.0,0.0,50.0,221.0,-171.0,171.0
WP252006,UTOR,2006,0.0,0.0966297966212709,50.0,65.0,-15.0,15.0
WP232006,CHEBI,2006,0.0,0.0827966547291802,50.0,76.0,-26.0,26.0
WP142006,SHANSHAN,2006,0.0,0.0,50.0,221.0,-171.0,171.0
WP062006,KAEMI,2006,0.0,0.0,50.0,221.0,-171.0,171.0
WP042006,EWINIAR,2006,0.0,0.0,50.0,221.0,-171.0,171.0
WP182008,HAGUPIT,2008,0.0,0.0,50.0,221.0,-171.0,171.0
WP081959,IRIS,1959,0.0,0.0,50.0,221.0,-171.0,171.0
WP051959,BILLIE,1959,0.0,0.0,50.0,221.0,-171.0,171.0
WP181958,LORNA,1958,0.0,0.0,50.0,221.0,-171.0,171.0
WP131958,GRACE,1958,0.0,0.0,50.0,221.0,-171.0,171.0
WP071958,WINNIE,1958,0.0,0.0,50.0,221.0,-171.0,171.0
WP191957,KIT,1957,0.0,0.1272865802331274,50.0,48.0,2.0,2.0
WP141957,GLORIA,1957,0.0,0.0536402437432693,50.0,105.0,-55.0,55.0
WP131957,FAYE,1957,0.0,0.0,50.0,221.0,-171.0,171.0
WP111957,CARMEN,1957,0.0,0.0,50.0,221.0,-171.0,171.0
WP061957,WENDY,1957,0.0,0.0587422845595958,50.0,102.0,-52.0,52.0
WP051957,VIRGINIA,1957,0.0,0.0051020408163265,50.0,165.0,-115.0,115.0
WP031957,SHIRLEY,1957,0.0,0.0,50.0,221.0,-171.0,171.0
WP231956,POLLY,1956,0.0,0.1266295680188326,50.0,49.0,1.0,1.0
WP041982,PAT,1982,0.0,0.0,50.0,221.0,-171.0,171.0
WP211956,OLIVE,1956,0.0,0.0051020408163265,50.0,165.0,-115.0,115.0
WP191956,KAREN:LUCILLE,1956,0.0,0.0357142857142857,50.0,123.0,-73.0,73.0
WP141956,GILDA,1956,0.0,0.0616060304260908,50.0,98.0,-48.0,48.0
WP131956,FREDA,1956,0.0,0.0,50.0,221.0,-171.0,171.0
WP111956,DINAH,1956,0.0,0.0,50.0,221.0,-171.0,171.0
WP101956,CHARLOTTE,1956,0.0,0.0,50.0,221.0,-171.0,171.0
WP091956,BABS,1956,0.0,0.0,50.0,221.0,-171.0,171.0
WP031956,THELMA,1956,0.0,0.010204081632653,50.0,149.0,-99.0,99.0
WP011956,SARAH,1956,0.0,0.0,50.0,221.0,-171.0,171.0
WP211955,PATSY,1955,0.0,0.0,50.0,221.0,-171.0,171.0
WP121955,IRIS,1955,0.0,0.0,50.0,221.0,-171.0,171.0
WP011955,VIOLET,1955,0.0,0.0268678351870452,50.0,129.0,-79.0,79.0
WP191954,TILDA,1954,0.0,0.010204081632653,50.0,149.0,-99.0,99.0
WP181954,SALLY,1954,0.0,0.010204081632653,50.0,149.0,-99.0,99.0
WP221956,NADINE,1956,0.0,0.0,50.0,221.0,-171.0,171.0
WP041963,SHIRLEY,1963,0.0,0.0,50.0,221.0,-171.0,171.0
WP281962,LUCY,1962,0.0,0.0938541742697736,50.0,70.0,-20.0,20.0
WP261962,JEAN,1962,0.0,0.0,50.0,221.0,-171.0,171.0
WP231962,GILDA:IVY,1962,0.0,0.0,50.0,221.0,-171.0,171.0
WP201962,DINAH,1962,0.0,0.0,50.0,221.0,-171.0,171.0
WP171962,AMY,1962,0.0,0.0,50.0,221.0,-171.0,171.0
WP161962,WANDA,1962,0.0,0.0,50.0,221.0,-171.0,171.0
WP111962,PATSY,1962,0.0,0.0,50.0,221.0,-171.0,171.0
WP101962,OPAL,1962,0.0,0.0,50.0,221.0,-171.0,171.0
WP061962,KATE,1962,0.0,0.0,50.0,221.0,-171.0,171.0
WP031962,HOPE,1962,0.0,0.102797530574714,50.0,58.0,-8.0,8.0
WP271961,ELLEN,1961,0.0,0.0051020408163265,50.0,165.0,-115.0,115.0
WP161961,LORNA,1961,0.0,0.0,50.0,221.0,-171.0,171.0
WP141961,JUNE,1961,0.0,0.0,50.0,221.0,-171.0,171.0
WP091959,JOAN,1959,0.0,0.0,50.0,221.0,-171.0,171.0
WP061961,BETTY,1961,0.0,0.0,50.0,221.0,-171.0,171.0
WP271960,PHYLLIS,1960,0.0,0.0051020408163265,50.0,165.0,-115.0,115.0
WP231960,LOLA,1960,0.0,0.010204081632653,50.0,149.0,-99.0,99.0
WP221960,KIT,1960,0.0,0.1063019585026954,50.0,56.0,-6.0,6.0
WP151960,ELAINE,1960,0.0,0.0,50.0,221.0,-171.0,171.0
WP081960,SHIRLEY,1960,0.0,0.0,50.0,221.0,-171.0,171.0
WP061960,POLLY,1960,0.0,0.0,50.0,221.0,-171.0,171.0
WP051960,OLIVE,1960,0.0,0.2332818476505443,50.0,30.0,20.0,20.0
WP011960,KAREN,1960,0.0,0.0,50.0,221.0,-171.0,171.0
WP211959,FREDA,1959,0.0,0.2970051788700783,50.0,19.0,31.0,31.0
WP201959,EMMA,1959,0.0,0.0,50.0,221.0,-171.0,171.0
WP181959,CHARLOTTE,1959,0.0,0.0,50.0,221.0,-171.0,171.0
WP161959,AMY,1959,0.0,0.0,50.0,221.0,-171.0,171.0
WP111959,LOUISE,1959,0.0,0.0205039101756979,50.0,136.0,-86.0,86.0
WP091961,ELSIE,1961,0.0,0.0,50.0,221.0,-171.0,171.0
WP171949,PATRICIA,1949,0.0,0.0,50.0,221.0,-171.0,171.0
WP161949,OMELIA,1949,0.0,0.0,50.0,221.0,-171.0,171.0
WP081949,JUDITH,1949,0.0,0.0,50.0,221.0,-171.0,171.0
WP091947,INEZ,1947,0.0,0.0,50.0,221.0,-171.0,171.0
WP212020,MOLAVE,2020,0.0,0.0,50.0,221.0,-171.0,171.0
WP192020,SAUDEL,2020,0.0,0.0,50.0,221.0,-171.0,171.0
WP012020,VONGFONG,2020,0.0,0.1095275740328627,50.0,54.0,-4.0,4.0
WP282019,FUNG-WONG,2019,0.0,0.0160969320398325,50.0,144.0,-94.0,94.0
WP272019,KALMAEGI,2019,0.0,0.0051020408163265,50.0,165.0,-115.0,115.0
WP252019,NAKRI,2019,0.0,0.0,50.0,221.0,-171.0,171.0
WP212019,NEOGURI,2019,0.0,0.0,50.0,221.0,-171.0,171.0
WP192019,MITAG,2019,0.0,0.0,50.0,221.0,-171.0,171.0
WP152019,LINGLING,2019,0.0,0.0,50.0,221.0,-171.0,171.0
WP171954,RUBY,1954,0.0,0.0255102040816326,50.0,130.0,-80.0,80.0
WP332017,TEMBIN,2017,0.0,0.0,50.0,221.0,-171.0,171.0
WP161945,HELEN,1945,0.0,0.0,50.0,221.0,-171.0,171.0
WP021949,DELLA,1949,0.0,0.0,50.0,221.0,-171.0,171.0
WP242017,KHANUN,2017,0.0,0.0051020408163265,50.0,165.0,-115.0,115.0
WP031947,CAROL,1947,0.0,0.0,50.0,221.0,-171.0,171.0
WP141946,BETTY,1946,0.0,0.0051020408163265,50.0,165.0,-115.0,115.0
WP131946,ALMA,1946,0.0,0.0,50.0,221.0,-171.0,171.0
WP121946,QUERIDA,1946,0.0,0.0,50.0,221.0,-171.0,171.0
WP101946,OPAL,1946,0.0,0.1017763761514948,50.0,59.0,-9.0,9.0
WP061946,INGRID,1946,0.0,0.0689463661922489,50.0,88.0,-38.0,38.0
WP031946,DOLLY,1946,0.0,0.0,50.0,221.0,-171.0,171.0
WP011946,BARBARA,1946,0.0,0.0,50.0,221.0,-171.0,171.0
WP261945,NORA,1945,0.0,0.0,50.0,221.0,-171.0,171.0
WP211945,JEAN,1945,0.0,0.0,50.0,221.0,-171.0,171.0
WP312018,YUTU,2018,0.0,0.1385158162416298,50.0,46.0,4.0,4.0
WP161954,PAMELA,1954,0.0,0.0,50.0,221.0,-171.0,171.0
WP131954,NANCY,1954,0.0,0.0817168090922799,50.0,77.0,-27.0,27.0
WP061954,IDA,1954,0.0,0.0,50.0,221.0,-171.0,171.0
WP021954,ELSIE,1954,0.0,0.0,50.0,221.0,-171.0,171.0
WP211953,CORA,1953,0.0,0.1004498833211883,50.0,62.0,-12.0,12.0
WP201953,BETTY,1953,0.0,0.010204081632653,50.0,149.0,-99.0,99.0
WP141953,SUSAN,1953,0.0,0.0,50.0,221.0,-171.0,171.0
WP121953,RITA,1953,0.0,0.0,50.0,221.0,-171.0,171.0
WP111953,PHYLLIS,1953,0.0,0.0051020408163265,50.0,165.0,-115.0,115.0
WP051953,KIT,1953,0.0,0.0,50.0,221.0,-171.0,171.0
WP031953,JUDY,1953,0.0,0.0051020408163265,50.0,165.0,-115.0,115.0
WP271952,GLORIA,1952,0.0,0.0,50.0,221.0,-171.0,171.0
WP231952,CARMEN,1952,0.0,0.0,50.0,221.0,-171.0,171.0
WP221952,BESS,1952,0.0,0.0,50.0,221.0,-171.0,171.0
WP221949,CAMILLA,1949,0.0,0.0,50.0,221.0,-171.0,171.0
WP101952,MARY,1952,0.0,0.0,50.0,221.0,-171.0,171.0
WP061952,HARRIET,1952,0.0,0.0,50.0,221.0,-171.0,171.0
WP031952,EMMA,1952,0.0,0.0869494562094128,50.0,74.0,-24.0,24.0
WP161951,AMY,1951,0.0,0.7215968930221508,50.0,2.0,48.0,48.0
WP151951,WANDA,1951,0.0,0.1078452035425087,50.0,55.0,-5.0,5.0
WP111951,RUTH,1951,0.0,0.0,50.0,221.0,-171.0,171.0
WP101951,PAT,1951,0.0,0.0,50.0,221.0,-171.0,171.0
WP091951,ORA,1951,0.0,0.0,50.0,221.0,-171.0,171.0
WP081951,NORA,1951,0.0,0.0051020408163265,50.0,165.0,-115.0,115.0
WP051951,KATE,1951,0.0,0.0,50.0,221.0,-171.0,171.0
WP031951,IRIS,1951,0.0,0.0872674862324504,50.0,73.0,-23.0,23.0
WP181950,FRAN,1950,0.0,0.0314030544888121,50.0,126.0,-76.0,76.0
WP161950,CLARA,1950,0.0,0.0,50.0,221.0,-171.0,171.0
WP121950,OSSIA,1950,0.0,0.0749396792395557,50.0,83.0,-33.0,33.0
WP111952,NONA,1952,0.0,0.0,50.0,221.0,-171.0,171.0
WP191977,KIM,1977,0.0,0.2551333153390961,50.0,24.0,26.0,26.0
WP121977,DINAH,1977,0.0,0.0,50.0,221.0,-171.0,171.0
WP101977,BABE,1977,0.0,0.0,50.0,221.0,-171.0,171.0
WP061977,THELMA,1977,0.0,0.0098868668937467,50.0,164.0,-114.0,114.0
WP221976,LOUISE,1976,0.0,0.0,50.0,221.0,-171.0,171.0
WP071976,RUBY,1976,0.0,0.0616060304260908,50.0,98.0,-48.0,48.0
WP051976,OLGA,1976,0.0,0.0051020408163265,50.0,165.0,-115.0,115.0
WP171975,ELSIE,1975,0.0,0.0,50.0,221.0,-171.0,171.0
WP131975,ALICE,1975,0.0,0.010204081632653,50.0,149.0,-99.0,99.0
WP011975,LOLA,1975,0.0,0.0733809238788865,50.0,84.0,-34.0,34.0
WP331974,IRMA,1974,0.0,0.0255102040816326,50.0,130.0,-80.0,80.0
WP311974,GLORIA,1974,0.0,0.0051020408163265,50.0,165.0,-115.0,115.0
WP291974,ELAINE,1974,0.0,0.010204081632653,50.0,149.0,-99.0,99.0
WP051963,TRIX,1963,0.0,0.0,50.0,221.0,-171.0,171.0
WP271974,CARMEN,1974,0.0,0.0,50.0,221.0,-171.0,171.0
WP261974,BESS,1974,0.0,0.010204081632653,50.0,149.0,-99.0,99.0
WP121974,IVY,1974,0.0,0.0051020408163265,50.0,165.0,-115.0,115.0
WP061974,DINAH,1974,0.0,0.0,50.0,221.0,-171.0,171.0
WP201973,RUTH,1973,0.0,0.0,50.0,221.0,-171.0,171.0
WP191973,PATSY,1973,0.0,0.0,50.0,221.0,-171.0,171.0
WP171973,NORA,1973,0.0,0.0051020408163265,50.0,165.0,-115.0,115.0
WP151973,LOUISE,1973,0.0,0.0,50.0,221.0,-171.0,171.0
WP041973,BILLIE,1973,0.0,0.0,50.0,221.0,-171.0,171.0
WP311972,THERESE,1972,0.0,0.0615978267700301,50.0,100.0,-50.0,50.0
WP281972,PAMELA,1972,0.0,0.0411978671607847,50.0,118.0,-68.0,68.0
WP141972,BETTY,1972,0.0,0.0,50.0,221.0,-171.0,171.0
WP091972,SUSAN,1972,0.0,0.010204081632653,50.0,149.0,-99.0,99.0
WP061972,ORA,1972,0.0,0.0520703962176517,50.0,110.0,-60.0,60.0
WP281974,DELLA,1974,0.0,0.0,50.0,221.0,-171.0,171.0
WP041983,WAYNE,1983,0.0,0.0,50.0,221.0,-171.0,171.0
WP031983,VERA,1983,0.0,0.3604828080718099,50.0,10.0,40.0,40.0
WP281982,ROGER,1982,0.0,0.010204081632653,50.0,149.0,-99.0,99.0
WP271982,PAMELA,1982,0.0,0.0051020408163265,50.0,165.0,-115.0,115.0
WP241982,NANCY,1982,0.0,0.0153061224489795,50.0,145.0,-95.0,95.0
WP201982,KEN,1982,0.0,0.0,50.0,221.0,-171.0,171.0
WP151982,FAYE,1982,0.0,0.0306122448979591,50.0,127.0,-77.0,77.0
WP121982,CECIL,1982,0.0,0.0,50.0,221.0,-171.0,171.0
WP101982,ANDY,1982,0.0,0.0,50.0,221.0,-171.0,171.0
WP171945,URSULA,1945,0.0,0.0,50.0,221.0,-171.0,171.0
WP291981,LEE,1981,0.0,0.0,50.0,221.0,-171.0,171.0
WP261981,IRMA,1981,0.0,0.0357142857142857,50.0,123.0,-73.0,73.0
WP251981,HAZEN,1981,0.0,0.0,50.0,221.0,-171.0,171.0
WP201981,CLARA,1981,0.0,0.0,50.0,221.0,-171.0,171.0
WP021978,OLIVE,1978,0.0,0.098200851850075,50.0,64.0,-14.0,14.0
WP041981,IKE,1981,0.0,0.0,50.0,221.0,-171.0,171.0
WP251980,BETTY,1980,0.0,0.0051020408163265,50.0,165.0,-115.0,115.0
WP191980,PERCY,1980,0.0,0.0051020408163265,50.0,165.0,-115.0,115.0
WP111980,KIM,1980,0.0,0.0051020408163265,50.0,165.0,-115.0,115.0
WP091980,JOE,1980,0.0,0.0,50.0,221.0,-171.0,171.0
WP031980,DOM,1980,0.0,0.0051020408163265,50.0,165.0,-115.0,115.0
WP241979,VERA,1979,0.0,0.0051020408163265,50.0,165.0,-115.0,115.0
WP221979,SARAH,1979,0.0,0.0,50.0,221.0,-171.0,171.0
WP171979,MAC,1979,0.0,0.0051020408163265,50.0,165.0,-115.0,115.0
WP121979,IRVING,1979,0.0,0.0,50.0,221.0,-171.0,171.0
WP091979,HOPE,1979,0.0,0.0,50.0,221.0,-171.0,171.0
WP061979,ELLIS,1979,0.0,0.0,50.0,221.0,-171.0,171.0
WP031979,CECIL,1979,0.0,0.0677887858628456,50.0,92.0,-42.0,42.0
WP241978,ORA,1978,0.0,0.0,50.0,221.0,-171.0,171.0
WP051981,JUNE,1981,0.0,0.0051020408163265,50.0,165.0,-115.0,115.0
WP191966,ELSIE,1966,0.0,0.0,50.0,221.0,-171.0,171.0
WP111966,SUSAN,1966,0.0,0.0,50.0,221.0,-171.0,171.0
WP061966,MAMIE,1966,0.0,0.0,50.0,221.0,-171.0,171.0
WP031966,JUDY,1966,0.0,0.023531481713411,50.0,133.0,-83.0,83.0
WP021966,IRMA,1966,0.0,0.3300047229776998,50.0,14.0,36.0,36.0
WP011966,HESTER,1966,0.0,0.0,50.0,221.0,-171.0,171.0
WP331965,FAYE,1965,0.0,0.0,50.0,221.0,-171.0,171.0
WP231965,ROSE,1965,0.0,0.0,50.0,221.0,-171.0,171.0
WP141965,HARRIET,1965,0.0,0.0,50.0,221.0,-171.0,171.0
WP121965,FREDA,1965,0.0,0.0051020408163265,50.0,165.0,-115.0,115.0
WP101965,DINAH,1965,0.0,0.0,50.0,221.0,-171.0,171.0
WP071965,AMY,1965,0.0,0.0051020408163265,50.0,165.0,-115.0,115.0
WP391964,OPAL,1964,0.0,0.010204081632653,50.0,149.0,-99.0,99.0
WP011972,KIT,1972,0.0,0.2496807964153173,50.0,26.0,24.0,24.0
WP271964,CLARA,1964,0.0,0.0051020408163265,50.0,165.0,-115.0,115.0
WP221964,TILDA,1964,0.0,0.0,50.0,221.0,-171.0,171.0
WP211964,SALLY,1964,0.0,0.0,50.0,221.0,-171.0,171.0
WP201964,RUBY,1964,0.0,0.0,50.0,221.0,-171.0,171.0
WP121964,IDA,1964,0.0,0.0051020408163265,50.0,165.0,-115.0,115.0
WP081964,ELSIE,1964,0.0,0.0,50.0,221.0,-171.0,171.0
WP071964,DORIS,1964,0.0,0.0051020408163265,50.0,165.0,-115.0,115.0
WP061964,CORA,1964,0.0,0.0,50.0,221.0,-171.0,171.0
WP031964,WINNIE,1964,0.0,0.0770799452267758,50.0,80.0,-30.0,30.0
WP231963,PHYLLIS,1963,0.0,0.0,50.0,221.0,-171.0,171.0
WP131963,FAYE,1963,0.0,0.0,50.0,221.0,-171.0,171.0
WP101963,CARMEN,1963,0.0,0.0482517555758209,50.0,114.0,-64.0,64.0
WP081963,AGNES,1963,0.0,0.0,50.0,221.0,-171.0,171.0
WP071963,WENDY,1963,0.0,0.0,50.0,221.0,-171.0,171.0
WP281964,DOT,1964,0.0,0.0229745245326841,50.0,134.0,-84.0,84.0
WP341971,IRMA,1971,0.0,0.0,50.0,221.0,-171.0,171.0
WP331971,HESTER,1971,0.0,0.0051020408163265,50.0,165.0,-115.0,115.0
WP311971,FAYE(GLORIA):GLORIA,1971,0.0,0.0,50.0,221.0,-171.0,171.0
WP301971,ELAINE,1971,0.0,0.0,50.0,221.0,-171.0,171.0
WP181971,NADINE,1971,0.0,0.0,50.0,221.0,-171.0,171.0
WP161971,LUCY,1971,0.0,0.0,50.0,221.0,-171.0,171.0
WP151971,JEAN,1971,0.0,0.0462999079771112,50.0,115.0,-65.0,65.0
WP121971,HARRIET,1971,0.0,0.0,50.0,221.0,-171.0,171.0
WP111971,GILDA,1971,0.0,0.0650906697395379,50.0,93.0,-43.0,43.0
WP101971,FREDA,1971,0.0,0.0,50.0,221.0,-171.0,171.0
WP081971,DINAH,1971,0.0,0.148168273087694,50.0,41.0,9.0,9.0
WP031971,VERA,1971,0.0,0.0,50.0,221.0,-171.0,171.0
WP231970,PATSY,1970,0.0,0.174946922905569,50.0,39.0,11.0,11.0
WP141970,GEORGIA,1970,0.0,0.0514295210984134,50.0,112.0,-62.0,62.0
WP301966,PAMELA,1966,0.0,0.0365545161762158,50.0,120.0,-70.0,70.0
WP011970,NANCY,1970,0.0,0.0,50.0,221.0,-171.0,171.0
WP051969,VIOLA,1969,0.0,0.0,50.0,221.0,-171.0,171.0
WP031969,SUSAN,1969,0.0,0.0051020408163265,50.0,165.0,-115.0,115.0
WP271968,ORA,1968,0.0,0.0,50.0,221.0,-171.0,171.0
WP251968,MAMIE,1968,0.0,0.06827888306256,50.0,89.0,-39.0,39.0
WP171968,ELAINE,1968,0.0,0.010204081632653,50.0,149.0,-99.0,99.0
WP151968,DELLA,1968,0.0,0.0,50.0,221.0,-171.0,171.0
WP121968,WENDY,1968,0.0,0.0,50.0,221.0,-171.0,171.0
WP331967,GILDA,1967,0.0,0.0,50.0,221.0,-171.0,171.0
WP321967,FREDA,1967,0.0,0.0,50.0,221.0,-171.0,171.0
WP181967,MARGE,1967,0.0,0.0,50.0,221.0,-171.0,171.0
WP071967,BILLIE,1967,0.0,0.0051020408163265,50.0,165.0,-115.0,115.0
WP061967,ANITA,1967,0.0,0.0,50.0,221.0,-171.0,171.0
WP021967,SALLY,1967,0.0,0.0,50.0,221.0,-171.0,171.0
WP021970,OLGA,1970,0.0,0.0,50.0,221.0,-171.0,171.0
