storm_id,storm_name,year,peak_t,peak_affected_population_proxy,peak_affected_population_share_proxy,peak_n_unserved_buses,peak_unserved_bus_share,peak_n_failed_lines_cumulative,peak_failed_line_share_cumulative,final_affected_population_proxy,final_n_unserved_buses,final_n_failed_lines_cumulative,n_timesteps,peak_affected_population_proxy_norm,peak_n_failed_lines_norm,peak_n_unserved_buses_norm,grid_impact_index_v4b,rank_index
WP182006,XANGSANE,2006,10,6154359.041497707,0.0398197831195584,9,0.046875,41,0.173728813559322,6154359.041497707,9,41,14,1.0,1.0,1.0,1.0,1
WP291995,ANGELA,1995,6,5289150.893353462,0.0342217345526691,8,0.0416666666666666,27,0.1144067796610169,5289150.893353462,8,27,10,0.859415392844274,0.6585365853658537,0.8888888888888888,0.8136167153813612,2
WP092014,RAMMASUN,2014,4,5813806.296331644,0.0376163470896087,3,0.015625,11,0.0466101694915254,5813806.296331644,3,11,9,0.9446647907816592,0.2682926829268293,0.3333333333333333,0.6838720452007028,3
WP312013,HAIYAN,2013,2,2700952.1610121727,0.0174756345124827,4,0.0208333333333333,17,0.0720338983050847,2700952.1610121727,4,17,6,0.4388681490306546,0.4146341463414634,0.4444444444444444,0.4336460926704252,4
WP282021,RAI,2021,2,2414524.925726652,0.0156224000307602,4,0.0208333333333333,10,0.0423728813559322,2414524.925726652,4,10,9,0.3923276021834209,0.2439024390243902,0.4444444444444444,0.3630388377328167,5
WP222020,GONI,2020,3,2358922.186414242,0.0152626405488475,1,0.0052083333333333,9,0.0381355932203389,2358922.186414242,1,9,11,0.3832929100347355,0.2195121951219512,0.1111111111111111,0.3015204614679957,6
WP292019,KAMMURI,2019,4,2358922.186414242,0.0152626405488475,1,0.0052083333333333,4,0.0169491525423728,2358922.186414242,1,4,12,0.3832929100347355,0.0975609756097561,0.1111111111111111,0.2710326565899469,7
WP201952,WILMA,1952,2,1798013.481767416,0.0116334627874744,3,0.015625,6,0.0254237288135593,1798013.481767416,3,6,8,0.2921528415296772,0.1463414634146341,0.3333333333333333,0.2618770707714649,8
WP271990,MIKE,1990,3,1599812.7754278183,0.0103510694322331,2,0.0104166666666666,6,0.0254237288135593,1599812.7754278183,2,6,8,0.2599479108450735,0.1463414634146341,0.2222222222222222,0.2258874456940359,9
WP201998,BABS,1998,7,1452694.7994749546,0.0093991903078709,1,0.0052083333333333,6,0.0254237288135593,1452694.7994749546,1,6,25,0.2360432320700988,0.1463414634146341,0.1111111111111111,0.1948779717623845,10
WP182022,NORU,2022,12,389384.9829298258,0.0025193891785854,2,0.0104166666666666,15,0.0635593220338983,389384.9829298258,2,15,20,0.0632697865536077,0.3658536585365853,0.2222222222222222,0.1627586198996443,11
WP241988,SKIP,1988,2,827468.4205751419,0.0053538659060045,1,0.0052083333333333,7,0.0296610169491525,827468.4205751419,1,7,8,0.1344524125088697,0.1707317073170731,0.1111111111111111,0.1400210410012568,12
WP252020,VAMCO,2020,6,389384.9829298258,0.0025193891785854,2,0.0104166666666666,5,0.0211864406779661,389384.9829298258,2,5,11,0.0632697865536077,0.1219512195121951,0.2222222222222222,0.1017830101435467,13
WP242006,DURIAN,2006,0,0.0,0.0,0,0.0,13,0.0550847457627118,0.0,0,13,13,0.0,0.3170731707317073,0.0,0.0792682926829268,14
WP262012,BOPHA,2012,0,0.0,0.0,0,0.0,10,0.0423728813559322,0.0,0,10,21,0.0,0.2439024390243902,0.0,0.0609756097560975,15
WP231987,NINA,1987,0,0.0,0.0,0,0.0,8,0.0338983050847457,0.0,0,8,8,0.0,0.1951219512195122,0.0,0.048780487804878,16
WP171970,JOAN,1970,0,0.0,0.0,0,0.0,8,0.0338983050847457,0.0,0,8,12,0.0,0.1951219512195122,0.0,0.048780487804878,17
WP222006,CIMARON,2006,0,0.0,0.0,0,0.0,7,0.0296610169491525,0.0,0,7,27,0.0,0.1707317073170731,0.0,0.0426829268292682,18
WP181970,KATE,1970,0,0.0,0.0,0,0.0,7,0.0296610169491525,0.0,0,7,20,0.0,0.1707317073170731,0.0,0.0426829268292682,19
WP181952,TRIX,1952,0,0.0,0.0,0,0.0,6,0.0254237288135593,0.0,0,6,12,0.0,0.1463414634146341,0.0,0.0365853658536585,20
WP231959,HARRIET,1959,0,0.0,0.0,0,0.0,6,0.0254237288135593,0.0,0,6,14,0.0,0.1463414634146341,0.0,0.0365853658536585,21
WP302016,NOCK-TEN,2016,0,0.0,0.0,0,0.0,5,0.0211864406779661,0.0,0,5,13,0.0,0.1219512195121951,0.0,0.0304878048780487,22
WP262018,MANGKHUT,2018,0,0.0,0.0,0,0.0,5,0.0211864406779661,0.0,0,5,9,0.0,0.1219512195121951,0.0,0.0304878048780487,23
WP281978,RITA,1978,0,0.0,0.0,0,0.0,5,0.0211864406779661,0.0,0,5,9,0.0,0.1219512195121951,0.0,0.0304878048780487,24
WP112013,UTOR,2013,0,0.0,0.0,0,0.0,5,0.0211864406779661,0.0,0,5,9,0.0,0.1219512195121951,0.0,0.0304878048780487,25
WP141955,KATE,1955,0,0.0,0.0,0,0.0,4,0.0169491525423728,0.0,0,4,11,0.0,0.0975609756097561,0.0,0.024390243902439,26
WP361964,LOUISE:MARGE,1964,0,0.0,0.0,0,0.0,3,0.0127118644067796,0.0,0,3,20,0.0,0.073170731707317,0.0,0.0182926829268292,27
WP152010,MEGI,2010,0,0.0,0.0,0,0.0,3,0.0127118644067796,0.0,0,3,22,0.0,0.073170731707317,0.0,0.0182926829268292,28
WP171956,JEAN,1956,0,0.0,0.0,0,0.0,3,0.0127118644067796,0.0,0,3,12,0.0,0.073170731707317,0.0,0.0182926829268292,29
WP251987,PHYLLIS,1987,0,0.0,0.0,0,0.0,3,0.0127118644067796,0.0,0,3,14,0.0,0.073170731707317,0.0,0.0182926829268292,30
WP242015,KOPPU,2015,0,0.0,0.0,0,0.0,3,0.0127118644067796,0.0,0,3,18,0.0,0.073170731707317,0.0,0.0182926829268292,31
WP311967,EMMA,1967,0,0.0,0.0,0,0.0,3,0.0127118644067796,0.0,0,3,11,0.0,0.073170731707317,0.0,0.0182926829268292,32
WP041967,VIOLET,1967,0,0.0,0.0,0,0.0,2,0.0084745762711864,0.0,0,2,17,0.0,0.048780487804878,0.0,0.0121951219512195,33
WP211971,ROSE,1971,0,0.0,0.0,0,0.0,2,0.0084745762711864,0.0,0,2,10,0.0,0.048780487804878,0.0,0.0121951219512195,34
WP201995,SIBYL,1995,0,0.0,0.0,0,0.0,2,0.0084745762711864,0.0,0,2,12,0.0,0.048780487804878,0.0,0.0121951219512195,35
WP291967,CARLA,1967,0,0.0,0.0,0,0.0,2,0.0084745762711864,0.0,0,2,12,0.0,0.048780487804878,0.0,0.0121951219512195,36
WP222011,NALGAE,2011,0,0.0,0.0,0,0.0,2,0.0084745762711864,0.0,0,2,10,0.0,0.048780487804878,0.0,0.0121951219512195,37
WP181998,ZEB,1998,0,0.0,0.0,0,0.0,2,0.0084745762711864,0.0,0,2,11,0.0,0.048780487804878,0.0,0.0121951219512195,38
WP241952,DELLA,1952,0,0.0,0.0,0,0.0,2,0.0084745762711864,0.0,0,2,16,0.0,0.048780487804878,0.0,0.0121951219512195,39
WP261989,ANGELA,1989,0,0.0,0.0,0,0.0,1,0.0042372881355932,0.0,0,1,13,0.0,0.024390243902439,0.0,0.0060975609756097,40
WP061951,LOUISE,1951,0,0.0,0.0,0,0.0,1,0.0042372881355932,0.0,0,1,13,0.0,0.024390243902439,0.0,0.0060975609756097,41
WP361993,MANNY,1993,0,0.0,0.0,0,0.0,1,0.0042372881355932,0.0,0,1,13,0.0,0.024390243902439,0.0,0.0060975609756097,42
WP091987,BETTY,1987,0,0.0,0.0,0,0.0,1,0.0042372881355932,0.0,0,1,10,0.0,0.024390243902439,0.0,0.0060975609756097,43
WP302019,PHANFONE,2019,0,0.0,0.0,0,0.0,1,0.0042372881355932,0.0,0,1,16,0.0,0.024390243902439,0.0,0.0060975609756097,44
WP221959,GILDA,1959,0,0.0,0.0,0,0.0,1,0.0042372881355932,0.0,0,1,12,0.0,0.024390243902439,0.0,0.0060975609756097,45
WP131984,IKE,1984,0,0.0,0.0,0,0.0,1,0.0042372881355932,0.0,0,1,11,0.0,0.024390243902439,0.0,0.0060975609756097,46
WP072008,FENGSHEN,2008,0,0.0,0.0,0,0.0,1,0.0042372881355932,0.0,0,1,17,0.0,0.024390243902439,0.0,0.0060975609756097,47
WP271984,AGNES,1984,0,0.0,0.0,0,0.0,1,0.0042372881355932,0.0,0,1,7,0.0,0.024390243902439,0.0,0.0060975609756097,48
WP021982,NELSON,1982,0,0.0,0.0,0,0.0,1,0.0042372881355932,0.0,0,1,18,0.0,0.024390243902439,0.0,0.0060975609756097,49
WP241992,ANGELA,1992,0,0.0,0.0,0,0.0,0,0.0,0.0,0,0,19,0.0,0.0,0.0,0.0,50
WP261992,COLLEEN,1992,0,0.0,0.0,0,0.0,0,0.0,0.0,0,0,8,0.0,0.0,0.0,0.0,51
WP061993,KORYN,1993,0,0.0,0.0,0,0.0,0,0.0,0.0,0,0,9,0.0,0.0,0.0,0.0,52
WP161993,TASHA,1993,0,0.0,0.0,0,0.0,0,0.0,0.0,0,0,14,0.0,0.0,0.0,0.0,53
WP081994,TIM,1994,0,0.0,0.0,0,0.0,0,0.0,0.0,0,0,7,0.0,0.0,0.0,0.0,54
WP211993,ABE,1993,0,0.0,0.0,0,0.0,0,0.0,0.0,0,0,24,0.0,0.0,0.0,0.0,55
WP261993,FLO,1993,0,0.0,0.0,0,0.0,0,0.0,0.0,0,0,22,0.0,0.0,0.0,0.0,56
WP301993,IRA,1993,0,0.0,0.0,0,0.0,0,0.0,0.0,0,0,13,0.0,0.0,0.0,0.0,57
WP021994,OWEN,1994,0,0.0,0.0,0,0.0,0,0.0,0.0,0,0,24,0.0,0.0,0.0,0.0,58
WP371993,NELL,1993,0,0.0,0.0,0,0.0,0,0.0,0.0,0,0,13,0.0,0.0,0.0,0.0,59
WP351993,LOLA,1993,0,0.0,0.0,0,0.0,0,0.0,0.0,0,0,12,0.0,0.0,0.0,0.0,60
WP231992,YVETTE,1992,0,0.0,0.0,0,0.0,0,0.0,0.0,0,0,15,0.0,0.0,0.0,0.0,61
WP182000,BILIS,2000,0,0.0,0.0,0,0.0,0,0.0,0.0,0,0,5,0.0,0.0,0.0,0.0,62
WP261999,DAN,1999,0,0.0,0.0,0,0.0,0,0.0,0.0,0,0,18,0.0,0.0,0.0,0.0,63
WP161999,SAM,1999,0,0.0,0.0,0,0.0,0,0.0,0.0,0,0,12,0.0,0.0,0.0,0.0,64
WP061999,MAGGIE,1999,0,0.0,0.0,0,0.0,0,0.0,0.0,0,0,10,0.0,0.0,0.0,0.0,65
WP241998,FAITH,1998,0,0.0,0.0,0,0.0,0,0.0,0.0,0,0,7,0.0,0.0,0.0,0.0,66
WP111998,VICKI,1998,0,0.0,0.0,0,0.0,0,0.0,0.0,0,0,18,0.0,0.0,0.0,0.0,67
WP041998,OTTO,1998,0,0.0,0.0,0,0.0,0,0.0,0.0,0,0,11,0.0,0.0,0.0,0.0,68
WP271997,IVAN,1997,0,0.0,0.0,0,0.0,0,0.0,0.0,0,0,19,0.0,0.0,0.0,0.0,69
WP181997,AMBER,1997,0,0.0,0.0,0,0.0,0,0.0,0.0,0,0,12,0.0,0.0,0.0,0.0,70
WP121997,TINA,1997,0,0.0,0.0,0,0.0,0,0.0,0.0,0,0,5,0.0,0.0,0.0,0.0,71
WP321996,ABEL:BETH,1996,0,0.0,0.0,0,0.0,0,0.0,0.0,0,0,15,0.0,0.0,0.0,0.0,72
WP191995,RYAN,1995,0,0.0,0.0,0,0.0,0,0.0,0.0,0,0,5,0.0,0.0,0.0,0.0,73
WP261996,VIOLET,1996,0,0.0,0.0,0,0.0,0,0.0,0.0,0,0,10,0.0,0.0,0.0,0.0,74
WP231996,SALLY,1996,0,0.0,0.0,0,0.0,0,0.0,0.0,0,0,6,0.0,0.0,0.0,0.0,75
WP181996,NIKI,1996,0,0.0,0.0,0,0.0,0,0.0,0.0,0,0,9,0.0,0.0,0.0,0.0,76
WP091996,GLORIA,1996,0,0.0,0.0,0,0.0,0,0.0,0.0,0,0,15,0.0,0.0,0.0,0.0,77
WP041996,BART,1996,0,0.0,0.0,0,0.0,0,0.0,0.0,0,0,16,0.0,0.0,0.0,0.0,78
WP281995,ZACK,1995,0,0.0,0.0,0,0.0,0,0.0,0.0,0,0,10,0.0,0.0,0.0,0.0,79
WP121995,KENT,1995,0,0.0,0.0,0,0.0,0,0.0,0.0,0,0,18,0.0,0.0,0.0,0.0,80
WP061995,GARY,1995,0,0.0,0.0,0,0.0,0,0.0,0.0,0,0,19,0.0,0.0,0.0,0.0,81
WP381994,AXEL,1994,0,0.0,0.0,0,0.0,0,0.0,0.0,0,0,17,0.0,0.0,0.0,0.0,82
WP341994,TERESA,1994,0,0.0,0.0,0,0.0,0,0.0,0.0,0,0,13,0.0,0.0,0.0,0.0,83
WP321994,SETH,1994,0,0.0,0.0,0,0.0,0,0.0,0.0,0,0,6,0.0,0.0,0.0,0.0,84
WP171994,DOUG,1994,0,0.0,0.0,0,0.0,0,0.0,0.0,0,0,5,0.0,0.0,0.0,0.0,85
WP291996,ZANE,1996,0,0.0,0.0,0,0.0,0,0.0,0.0,0,0,5,0.0,0.0,0.0,0.0,86
WP041988,THAD,1988,0,0.0,0.0,0,0.0,0,0.0,0.0,0,0,9,0.0,0.0,0.0,0.0,87
WP021988,SUSAN,1988,0,0.0,0.0,0,0.0,0,0.0,0.0,0,0,16,0.0,0.0,0.0,0.0,88
WP011988,ROY,1988,0,0.0,0.0,0,0.0,0,0.0,0.0,0,0,9,0.0,0.0,0.0,0.0,89
WP211987,LYNN,1987,0,0.0,0.0,0,0.0,0,0.0,0.0,0,0,20,0.0,0.0,0.0,0.0,90
WP141987,GERALD,1987,0,0.0,0.0,0,0.0,0,0.0,0.0,0,0,23,0.0,0.0,0.0,0.0,91
WP111987,DINAH,1987,0,0.0,0.0,0,0.0,0,0.0,0.0,0,0,4,0.0,0.0,0.0,0.0,92
WP101987,CARY,1987,0,0.0,0.0,0,0.0,0,0.0,0.0,0,0,19,0.0,0.0,0.0,0.0,93
WP081987,ALEX,1987,0,0.0,0.0,0,0.0,0,0.0,0.0,0,0,7,0.0,0.0,0.0,0.0,94
WP061987,VERNON,1987,0,0.0,0.0,0,0.0,0,0.0,0.0,0,0,9,0.0,0.0,0.0,0.0,95
WP051987,THELMA,1987,0,0.0,0.0,0,0.0,0,0.0,0.0,0,0,7,0.0,0.0,0.0,0.0,96
WP271986,MARGE,1986,0,0.0,0.0,0,0.0,0,0.0,0.0,0,0,10,0.0,0.0,0.0,0.0,97
WP241986,JOE,1986,0,0.0,0.0,0,0.0,0,0.0,0.0,0,0,16,0.0,0.0,0.0,0.0,98
WP191986,ELLEN,1986,0,0.0,0.0,0,0.0,0,0.0,0.0,0,0,23,0.0,0.0,0.0,0.0,99
WP062000,KAI-TAK,2000,0,0.0,0.0,0,0.0,0,0.0,0.0,0,0,23,0.0,0.0,0.0,0.0,100
WP131986,WAYNE,1986,0,0.0,0.0,0,0.0,0,0.0,0.0,0,0,45,0.0,0.0,0.0,0.0,101
WP071986,PEGGY,1986,0,0.0,0.0,0,0.0,0,0.0,0.0,0,0,14,0.0,0.0,0.0,0.0,102
WP051986,NANCY,1986,0,0.0,0.0,0,0.0,0,0.0,0.0,0,0,6,0.0,0.0,0.0,0.0,103
WP271985,HOPE,1985,0,0.0,0.0,0,0.0,0,0.0,0.0,0,0,8,0.0,0.0,0.0,0.0,104
WP241985,FAYE,1985,0,0.0,0.0,0,0.0,0,0.0,0.0,0,0,27,0.0,0.0,0.0,0.0,105
WP211985,DOT,1985,0,0.0,0.0,0,0.0,0,0.0,0.0,0,0,11,0.0,0.0,0.0,0.0,106
WP201985,BRENDAN,1985,0,0.0,0.0,0,0.0,0,0.0,0.0,0,0,5,0.0,0.0,0.0,0.0,107
WP161985,TESS,1985,0,0.0,0.0,0,0.0,0,0.0,0.0,0,0,11,0.0,0.0,0.0,0.0,108
WP051985,HAL,1985,0,0.0,0.0,0,0.0,0,0.0,0.0,0,0,12,0.0,0.0,0.0,0.0,109
WP281984,BILL,1984,0,0.0,0.0,0,0.0,0,0.0,0.0,0,0,23,0.0,0.0,0.0,0.0,110
WP261984,WARREN,1984,0,0.0,0.0,0,0.0,0,0.0,0.0,0,0,18,0.0,0.0,0.0,0.0,111
WP031984,ALEX,1984,0,0.0,0.0,0,0.0,0,0.0,0.0,0,0,9,0.0,0.0,0.0,0.0,112
WP201983,ORCHID,1983,0,0.0,0.0,0,0.0,0,0.0,0.0,0,0,32,0.0,0.0,0.0,0.0,113
WP151986,ABBY,1986,0,0.0,0.0,0,0.0,0,0.0,0.0,0,0,7,0.0,0.0,0.0,0.0,114
WP191992,TED,1992,0,0.0,0.0,0,0.0,0,0.0,0.0,0,0,10,0.0,0.0,0.0,0.0,115
WP051992,ELI,1992,0,0.0,0.0,0,0.0,0,0.0,0.0,0,0,7,0.0,0.0,0.0,0.0,116
WP021992,BOBBIE,1992,0,0.0,0.0,0,0.0,0,0.0,0.0,0,0,9,0.0,0.0,0.0,0.0,117
WP261991,SETH,1991,0,0.0,0.0,0,0.0,0,0.0,0.0,0,0,18,0.0,0.0,0.0,0.0,118
WP251991,RUTH,1991,0,0.0,0.0,0,0.0,0,0.0,0.0,0,0,19,0.0,0.0,0.0,0.0,119
WP221991,NAT,1991,0,0.0,0.0,0,0.0,0,0.0,0.0,0,0,58,0.0,0.0,0.0,0.0,120
WP081991,BRENDAN,1991,0,0.0,0.0,0,0.0,0,0.0,0.0,0,0,13,0.0,0.0,0.0,0.0,121
WP071991,AMY,1991,0,0.0,0.0,0,0.0,0,0.0,0.0,0,0,6,0.0,0.0,0.0,0.0,122
WP051991,YUNYA,1991,0,0.0,0.0,0,0.0,0,0.0,0.0,0,0,21,0.0,0.0,0.0,0.0,123
WP041991,WALT,1991,0,0.0,0.0,0,0.0,0,0.0,0.0,0,0,10,0.0,0.0,0.0,0.0,124
WP291990,PAGE,1990,0,0.0,0.0,0,0.0,0,0.0,0.0,0,0,7,0.0,0.0,0.0,0.0,125
WP191990,ED,1990,0,0.0,0.0,0,0.0,0,0.0,0.0,0,0,8,0.0,0.0,0.0,0.0,126
WP171990,DOT,1990,0,0.0,0.0,0,0.0,0,0.0,0.0,0,0,3,0.0,0.0,0.0,0.0,127
WP061988,WARREN,1988,0,0.0,0.0,0,0.0,0,0.0,0.0,0,0,9,0.0,0.0,0.0,0.0,128
WP131990,YANCY,1990,0,0.0,0.0,0,0.0,0,0.0,0.0,0,0,5,0.0,0.0,0.0,0.0,129
WP071990,PERCY,1990,0,0.0,0.0,0,0.0,0,0.0,0.0,0,0,12,0.0,0.0,0.0,0.0,130
WP061990,OFELIA,1990,0,0.0,0.0,0,0.0,0,0.0,0.0,0,0,11,0.0,0.0,0.0,0.0,131
WP031990,MARIAN,1990,0,0.0,0.0,0,0.0,0,0.0,0.0,0,0,13,0.0,0.0,0.0,0.0,132
WP331989,HUNT,1989,0,0.0,0.0,0,0.0,0,0.0,0.0,0,0,23,0.0,0.0,0.0,0.0,133
WP301989,ELSIE,1989,0,0.0,0.0,0,0.0,0,0.0,0.0,0,0,12,0.0,0.0,0.0,0.0,134
WP291989,DAN,1989,0,0.0,0.0,0,0.0,0,0.0,0.0,0,0,6,0.0,0.0,0.0,0.0,135
WP221989,SARAH,1989,0,0.0,0.0,0,0.0,0,0.0,0.0,0,0,12,0.0,0.0,0.0,0.0,136
WP081989,GORDON,1989,0,0.0,0.0,0,0.0,0,0.0,0.0,0,0,10,0.0,0.0,0.0,0.0,137
WP031989,BRENDA,1989,0,0.0,0.0,0,0.0,0,0.0,0.0,0,0,14,0.0,0.0,0.0,0.0,138
WP231988,RUBY,1988,0,0.0,0.0,0,0.0,0,0.0,0.0,0,0,11,0.0,0.0,0.0,0.0,139
WP221988,PAT,1988,0,0.0,0.0,0,0.0,0,0.0,0.0,0,0,7,0.0,0.0,0.0,0.0,140
WP201988,NELSON,1988,0,0.0,0.0,0,0.0,0,0.0,0.0,0,0,8,0.0,0.0,0.0,0.0,141
WP161990,BECKY,1990,0,0.0,0.0,0,0.0,0,0.0,0.0,0,0,10,0.0,0.0,0.0,0.0,142
WP112017,NESAT,2017,0,0.0,0.0,0,0.0,0,0.0,0.0,0,0,11,0.0,0.0,0.0,0.0,143
WP292016,TOKAGE,2016,0,0.0,0.0,0,0.0,0,0.0,0.0,0,0,17,0.0,0.0,0.0,0.0,144
WP252016,HAIMA,2016,0,0.0,0.0,0,0.0,0,0.0,0.0,0,0,9,0.0,0.0,0.0,0.0,145
WP242016,SARIKA,2016,0,0.0,0.0,0,0.0,0,0.0,0.0,0,0,12,0.0,0.0,0.0,0.0,146
WP202016,MEGI,2016,0,0.0,0.0,0,0.0,0,0.0,0.0,0,0,3,0.0,0.0,0.0,0.0,147
WP182016,MALAKAS,2016,0,0.0,0.0,0,0.0,0,0.0,0.0,0,0,5,0.0,0.0,0.0,0.0,148
WP162016,MERANTI,2016,0,0.0,0.0,0,0.0,0,0.0,0.0,0,0,6,0.0,0.0,0.0,0.0,149
WP062016,NIDA,2016,0,0.0,0.0,0,0.0,0,0.0,0.0,0,0,15,0.0,0.0,0.0,0.0,150
WP022016,NEPARTAK,2016,0,0.0,0.0,0,0.0,0,0.0,0.0,0,0,5,0.0,0.0,0.0,0.0,151
WP282015,MELOR,2015,0,0.0,0.0,0,0.0,0,0.0,0.0,0,0,15,0.0,0.0,0.0,0.0,152
WP162015,GONI,2015,0,0.0,0.0,0,0.0,0,0.0,0.0,0,0,13,0.0,0.0,0.0,0.0,153
WP132015,SOUDELOR,2015,0,0.0,0.0,0,0.0,0,0.0,0.0,0,0,3,0.0,0.0,0.0,0.0,154
WP062015,NOUL,2015,0,0.0,0.0,0,0.0,0,0.0,0.0,0,0,12,0.0,0.0,0.0,0.0,155
WP092003,IMBUDO,2003,0,0.0,0.0,0,0.0,0,0.0,0.0,0,0,8,0.0,0.0,0.0,0.0,156
WP012015,MEKKHALA,2015,0,0.0,0.0,0,0.0,0,0.0,0.0,0,0,14,0.0,0.0,0.0,0.0,157
WP222014,HAGUPIT,2014,0,0.0,0.0,0,0.0,0,0.0,0.0,0,0,19,0.0,0.0,0.0,0.0,158
WP152014,KALMAEGI,2014,0,0.0,0.0,0,0.0,0,0.0,0.0,0,0,9,0.0,0.0,0.0,0.0,159
WP102014,MATMO,2014,0,0.0,0.0,0,0.0,0,0.0,0.0,0,0,7,0.0,0.0,0.0,0.0,160
WP292013,KROSA,2013,0,0.0,0.0,0,0.0,0,0.0,0.0,0,0,10,0.0,0.0,0.0,0.0,161
WP242013,NARI,2013,0,0.0,0.0,0,0.0,0,0.0,0.0,0,0,11,0.0,0.0,0.0,0.0,162
WP172013,USAGI,2013,0,0.0,0.0,0,0.0,0,0.0,0.0,0,0,12,0.0,0.0,0.0,0.0,163
WP182012,JELAWAT,2012,0,0.0,0.0,0,0.0,0,0.0,0.0,0,0,14,0.0,0.0,0.0,0.0,164
WP152012,TEMBIN,2012,0,0.0,0.0,0,0.0,0,0.0,0.0,0,0,24,0.0,0.0,0.0,0.0,165
WP142012,KAI-TAK,2012,0,0.0,0.0,0,0.0,0,0.0,0.0,0,0,11,0.0,0.0,0.0,0.0,166
WP102012,SAOLA,2012,0,0.0,0.0,0,0.0,0,0.0,0.0,0,0,17,0.0,0.0,0.0,0.0,167
WP052012,GUCHOL,2012,0,0.0,0.0,0,0.0,0,0.0,0.0,0,0,4,0.0,0.0,0.0,0.0,168
WP042012,MAWAR,2012,0,0.0,0.0,0,0.0,0,0.0,0.0,0,0,15,0.0,0.0,0.0,0.0,169
WP042015,MAYSAK,2015,0,0.0,0.0,0,0.0,0,0.0,0.0,0,0,7,0.0,0.0,0.0,0.0,170
WP251948,BEVERLY,1948,0,0.0,0.0,0,0.0,0,0.0,0.0,0,0,13,0.0,0.0,0.0,0.0,171
WP221948,RITA,1948,0,0.0,0.0,0,0.0,0,0.0,0.0,0,0,12,0.0,0.0,0.0,0.0,172
WP151948,JACKIE,1948,0,0.0,0.0,0,0.0,0,0.0,0.0,0,0,6,0.0,0.0,0.0,0.0,173
WP131948,HAZEL,1948,0,0.0,0.0,0,0.0,0,0.0,0.0,0,0,8,0.0,0.0,0.0,0.0,174
WP121948,GERTRUDE,1948,0,0.0,0.0,0,0.0,0,0.0,0.0,0,0,15,0.0,0.0,0.0,0.0,175
WP071948,ROSE,1948,0,0.0,0.0,0,0.0,0,0.0,0.0,0,0,11,0.0,0.0,0.0,0.0,176
WP061948,PEARL,1948,0,0.0,0.0,0,0.0,0,0.0,0.0,0,0,4,0.0,0.0,0.0,0.0,177
WP271947,JEAN,1947,0,0.0,0.0,0,0.0,0,0.0,0.0,0,0,11,0.0,0.0,0.0,0.0,178
WP231947,FLORA,1947,0,0.0,0.0,0,0.0,0,0.0,0.0,0,0,10,0.0,0.0,0.0,0.0,179
WP211947,DORA,1947,0,0.0,0.0,0,0.0,0,0.0,0.0,0,0,18,0.0,0.0,0.0,0.0,180
WP201947,CATHY,1947,0,0.0,0.0,0,0.0,0,0.0,0.0,0,0,13,0.0,0.0,0.0,0.0,181
WP161947,PAULINE,1947,0,0.0,0.0,0,0.0,0,0.0,0.0,0,0,12,0.0,0.0,0.0,0.0,182
WP141947,NANETTE,1947,0,0.0,0.0,0,0.0,0,0.0,0.0,0,0,4,0.0,0.0,0.0,0.0,183
WP152017,HATO,2017,0,0.0,0.0,0,0.0,0,0.0,0.0,0,0,10,0.0,0.0,0.0,0.0,184
WP012024,EWINIAR,2024,0,0.0,0.0,0,0.0,0,0.0,0.0,0,0,27,0.0,0.0,0.0,0.0,185
WP101945,QUEENIE,1945,0,0.0,0.0,0,0.0,0,0.0,0.0,0,0,9,0.0,0.0,0.0,0.0,186
WP142023,KOINU,2023,0,0.0,0.0,0,0.0,0,0.0,0.0,0,0,29,0.0,0.0,0.0,0.0,187
WP102023,HAIKUI,2023,0,0.0,0.0,0,0.0,0,0.0,0.0,0,0,4,0.0,0.0,0.0,0.0,188
WP092023,SAOLA,2023,0,0.0,0.0,0,0.0,0,0.0,0.0,0,0,67,0.0,0.0,0.0,0.0,189
WP052023,DOKSURI,2023,0,0.0,0.0,0,0.0,0,0.0,0.0,0,0,33,0.0,0.0,0.0,0.0,190
WP022023,MAWAR,2023,0,0.0,0.0,0,0.0,0,0.0,0.0,0,0,24,0.0,0.0,0.0,0.0,191
WP262022,NALGAE,2022,0,0.0,0.0,0,0.0,0,0.0,0.0,0,0,33,0.0,0.0,0.0,0.0,192
WP232022,NESAT,2022,0,0.0,0.0,0,0.0,0,0.0,0.0,0,0,21,0.0,0.0,0.0,0.0,193
WP142022,MUIFA,2022,0,0.0,0.0,0,0.0,0,0.0,0.0,0,0,10,0.0,0.0,0.0,0.0,194
WP122022,HINNAMNOR,2022,0,0.0,0.0,0,0.0,0,0.0,0.0,0,0,9,0.0,0.0,0.0,0.0,195
WP192021,CHANTHU,2021,0,0.0,0.0,0,0.0,0,0.0,0.0,0,0,11,0.0,0.0,0.0,0.0,196
WP182021,CONSON,2021,0,0.0,0.0,0,0.0,0,0.0,0.0,0,0,15,0.0,0.0,0.0,0.0,197
WP022021,SURIGAE,2021,0,0.0,0.0,0,0.0,0,0.0,0.0,0,0,20,0.0,0.0,0.0,0.0,198
WP131947,MILDRED,1947,0,0.0,0.0,0,0.0,0,0.0,0.0,0,0,8,0.0,0.0,0.0,0.0,199
WP242005,BOLAVEN,2005,0,0.0,0.0,0,0.0,0,0.0,0.0,0,0,10,0.0,0.0,0.0,0.0,200
WP092005,MATSA,2005,0,0.0,0.0,0,0.0,0,0.0,0.0,0,0,5,0.0,0.0,0.0,0.0,201
WP052005,HAITANG,2005,0,0.0,0.0,0,0.0,0,0.0,0.0,0,0,3,0.0,0.0,0.0,0.0,202
WP022005,ROKE,2005,0,0.0,0.0,0,0.0,0,0.0,0.0,0,0,6,0.0,0.0,0.0,0.0,203
WP302004,NANMADOL,2004,0,0.0,0.0,0,0.0,0,0.0,0.0,0,0,9,0.0,0.0,0.0,0.0,204
WP292004,MUIFA,2004,0,0.0,0.0,0,0.0,0,0.0,0.0,0,0,27,0.0,0.0,0.0,0.0,205
WP282004,NOCK-TEN,2004,0,0.0,0.0,0,0.0,0,0.0,0.0,0,0,4,0.0,0.0,0.0,0.0,206
WP102004,MINDULLE,2004,0,0.0,0.0,0,0.0,0,0.0,0.0,0,0,16,0.0,0.0,0.0,0.0,207
WP072004,CONSON,2004,0,0.0,0.0,0,0.0,0,0.0,0.0,0,0,20,0.0,0.0,0.0,0.0,208
WP042004,NIDA,2004,0,0.0,0.0,0,0.0,0,0.0,0.0,0,0,15,0.0,0.0,0.0,0.0,209
WP252003,NEPARTAK,2003,0,0.0,0.0,0,0.0,0,0.0,0.0,0,0,8,0.0,0.0,0.0,0.0,210
WP242003,MELOR,2003,0,0.0,0.0,0,0.0,0,0.0,0.0,0,0,14,0.0,0.0,0.0,0.0,211
WP142003,DUJUAN,2003,0,0.0,0.0,0,0.0,0,0.0,0.0,0,0,6,0.0,0.0,0.0,0.0,212
WP202011,NESAT,2011,0,0.0,0.0,0,0.0,0,0.0,0.0,0,0,10,0.0,0.0,0.0,0.0,213
WP102003,MORAKOT,2003,0,0.0,0.0,0,0.0,0,0.0,0.0,0,0,12,0.0,0.0,0.0,0.0,214
WP101983,ELLEN,1983,0,0.0,0.0,0,0.0,0,0.0,0.0,0,0,13,0.0,0.0,0.0,0.0,215
WP072003,SOUDELOR,2003,0,0.0,0.0,0,0.0,0,0.0,0.0,0,0,14,0.0,0.0,0.0,0.0,216
WP022003,KUJIRA,2003,0,0.0,0.0,0,0.0,0,0.0,0.0,0,0,18,0.0,0.0,0.0,0.0,217
WP072002,NOGURI,2002,0,0.0,0.0,0,0.0,0,0.0,0.0,0,0,10,0.0,0.0,0.0,0.0,218
WP272001,LINGLING,2001,0,0.0,0.0,0,0.0,0,0.0,0.0,0,0,16,0.0,0.0,0.0,0.0,219
WP232001,LEKIMA,2001,0,0.0,0.0,0,0.0,0,0.0,0.0,0,0,19,0.0,0.0,0.0,0.0,220
WP112001,TORAJI,2001,0,0.0,0.0,0,0.0,0,0.0,0.0,0,0,9,0.0,0.0,0.0,0.0,221
WP102001,YUTU,2001,0,0.0,0.0,0,0.0,0,0.0,0.0,0,0,8,0.0,0.0,0.0,0.0,222
WP062001,UTOR,2001,0,0.0,0.0,0,0.0,0,0.0,0.0,0,0,9,0.0,0.0,0.0,0.0,223
WP042001,CHEBI,2001,0,0.0,0.0,0,0.0,0,0.0,0.0,0,0,8,0.0,0.0,0.0,0.0,224
WP312000,BEBINCA,2000,0,0.0,0.0,0,0.0,0,0.0,0.0,0,0,22,0.0,0.0,0.0,0.0,225
WP302000,XANGSANE,2000,0,0.0,0.0,0,0.0,0,0.0,0.0,0,0,18,0.0,0.0,0.0,0.0,226
WP232000,WUKONG,2000,0,0.0,0.0,0,0.0,0,0.0,0.0,0,0,10,0.0,0.0,0.0,0.0,227
WP122003,KROVANH,2003,0,0.0,0.0,0,0.0,0,0.0,0.0,0,0,9,0.0,0.0,0.0,0.0,228
WP142011,NANMADOL,2011,0,0.0,0.0,0,0.0,0,0.0,0.0,0,0,25,0.0,0.0,0.0,0.0,229
WP102011,NOCK-TEN,2011,0,0.0,0.0,0,0.0,0,0.0,0.0,0,0,14,0.0,0.0,0.0,0.0,230
WP042011,SONGDA,2011,0,0.0,0.0,0,0.0,0,0.0,0.0,0,0,11,0.0,0.0,0.0,0.0,231
WP162010,CHABA,2010,0,0.0,0.0,0,0.0,0,0.0,0.0,0,0,3,0.0,0.0,0.0,0.0,232
WP032010,CONSON,2010,0,0.0,0.0,0,0.0,0,0.0,0.0,0,0,10,0.0,0.0,0.0,0.0,233
WP232009,MIRINAE,2009,0,0.0,0.0,0,0.0,0,0.0,0.0,0,0,9,0.0,0.0,0.0,0.0,234
WP222009,LUPIT,2009,0,0.0,0.0,0,0.0,0,0.0,0.0,0,0,14,0.0,0.0,0.0,0.0,235
WP192009,PARMA,2009,0,0.0,0.0,0,0.0,0,0.0,0.0,0,0,36,0.0,0.0,0.0,0.0,236
WP072009,MOLAVE,2009,0,0.0,0.0,0,0.0,0,0.0,0.0,0,0,13,0.0,0.0,0.0,0.0,237
WP032009,LINFA,2009,0,0.0,0.0,0,0.0,0,0.0,0.0,0,0,26,0.0,0.0,0.0,0.0,238
WP022009,CHAN-HOM,2009,0,0.0,0.0,0,0.0,0,0.0,0.0,0,0,16,0.0,0.0,0.0,0.0,239
WP012009,KUJIRA,2009,0,0.0,0.0,0,0.0,0,0.0,0.0,0,0,14,0.0,0.0,0.0,0.0,240
WP192008,JANGMI,2008,0,0.0,0.0,0,0.0,0,0.0,0.0,0,0,6,0.0,0.0,0.0,0.0,241
WP022006,CHANCHU,2006,0,0.0,0.0,0,0.0,0,0.0,0.0,0,0,16,0.0,0.0,0.0,0.0,242
WP152008,SINLAKU,2008,0,0.0,0.0,0,0.0,0,0.0,0.0,0,0,18,0.0,0.0,0.0,0.0,243
WP132008,NURI,2008,0,0.0,0.0,0,0.0,0,0.0,0.0,0,0,11,0.0,0.0,0.0,0.0,244
WP092008,FUNG-WONG,2008,0,0.0,0.0,0,0.0,0,0.0,0.0,0,0,5,0.0,0.0,0.0,0.0,245
WP052008,HALONG,2008,0,0.0,0.0,0,0.0,0,0.0,0.0,0,0,19,0.0,0.0,0.0,0.0,246
WP242007,MITAG,2007,0,0.0,0.0,0,0.0,0,0.0,0.0,0,0,22,0.0,0.0,0.0,0.0,247
WP212007,PEIPAH,2007,0,0.0,0.0,0,0.0,0,0.0,0.0,0,0,16,0.0,0.0,0.0,0.0,248
WP172007,KROSA,2007,0,0.0,0.0,0,0.0,0,0.0,0.0,0,0,6,0.0,0.0,0.0,0.0,249
WP092007,SEPAT,2007,0,0.0,0.0,0,0.0,0,0.0,0.0,0,0,10,0.0,0.0,0.0,0.0,250
WP072007,PABUK,2007,0,0.0,0.0,0,0.0,0,0.0,0.0,0,0,4,0.0,0.0,0.0,0.0,251
WP252006,UTOR,2006,0,0.0,0.0,0,0.0,0,0.0,0.0,0,0,13,0.0,0.0,0.0,0.0,252
WP232006,CHEBI,2006,0,0.0,0.0,0,0.0,0,0.0,0.0,0,0,10,0.0,0.0,0.0,0.0,253
WP142006,SHANSHAN,2006,0,0.0,0.0,0,0.0,0,0.0,0.0,0,0,7,0.0,0.0,0.0,0.0,254
WP062006,KAEMI,2006,0,0.0,0.0,0,0.0,0,0.0,0.0,0,0,6,0.0,0.0,0.0,0.0,255
WP042006,EWINIAR,2006,0,0.0,0.0,0,0.0,0,0.0,0.0,0,0,4,0.0,0.0,0.0,0.0,256
WP182008,HAGUPIT,2008,0,0.0,0.0,0,0.0,0,0.0,0.0,0,0,9,0.0,0.0,0.0,0.0,257
WP081959,IRIS,1959,0,0.0,0.0,0,0.0,0,0.0,0.0,0,0,13,0.0,0.0,0.0,0.0,258
WP051959,BILLIE,1959,0,0.0,0.0,0,0.0,0,0.0,0.0,0,0,5,0.0,0.0,0.0,0.0,259
WP181958,LORNA,1958,0,0.0,0.0,0,0.0,0,0.0,0.0,0,0,14,0.0,0.0,0.0,0.0,260
WP131958,GRACE,1958,0,0.0,0.0,0,0.0,0,0.0,0.0,0,0,3,0.0,0.0,0.0,0.0,261
WP071958,WINNIE,1958,0,0.0,0.0,0,0.0,0,0.0,0.0,0,0,6,0.0,0.0,0.0,0.0,262
WP191957,KIT,1957,0,0.0,0.0,0,0.0,0,0.0,0.0,0,0,20,0.0,0.0,0.0,0.0,263
WP141957,GLORIA,1957,0,0.0,0.0,0,0.0,0,0.0,0.0,0,0,10,0.0,0.0,0.0,0.0,264
WP131957,FAYE,1957,0,0.0,0.0,0,0.0,0,0.0,0.0,0,0,12,0.0,0.0,0.0,0.0,265
WP111957,CARMEN,1957,0,0.0,0.0,0,0.0,0,0.0,0.0,0,0,22,0.0,0.0,0.0,0.0,266
WP061957,WENDY,1957,0,0.0,0.0,0,0.0,0,0.0,0.0,0,0,12,0.0,0.0,0.0,0.0,267
WP051957,VIRGINIA,1957,0,0.0,0.0,0,0.0,0,0.0,0.0,0,0,11,0.0,0.0,0.0,0.0,268
WP031957,SHIRLEY,1957,0,0.0,0.0,0,0.0,0,0.0,0.0,0,0,17,0.0,0.0,0.0,0.0,269
WP231956,POLLY,1956,0,0.0,0.0,0,0.0,0,0.0,0.0,0,0,12,0.0,0.0,0.0,0.0,270
WP041982,PAT,1982,0,0.0,0.0,0,0.0,0,0.0,0.0,0,0,13,0.0,0.0,0.0,0.0,271
WP211956,OLIVE,1956,0,0.0,0.0,0,0.0,0,0.0,0.0,0,0,14,0.0,0.0,0.0,0.0,272
WP191956,KAREN:LUCILLE,1956,0,0.0,0.0,0,0.0,0,0.0,0.0,0,0,18,0.0,0.0,0.0,0.0,273
WP141956,GILDA,1956,0,0.0,0.0,0,0.0,0,0.0,0.0,0,0,17,0.0,0.0,0.0,0.0,274
WP131956,FREDA,1956,0,0.0,0.0,0,0.0,0,0.0,0.0,0,0,3,0.0,0.0,0.0,0.0,275
WP111956,DINAH,1956,0,0.0,0.0,0,0.0,0,0.0,0.0,0,0,5,0.0,0.0,0.0,0.0,276
WP101956,CHARLOTTE,1956,0,0.0,0.0,0,0.0,0,0.0,0.0,0,0,7,0.0,0.0,0.0,0.0,277
WP091956,BABS,1956,0,0.0,0.0,0,0.0,0,0.0,0.0,0,0,10,0.0,0.0,0.0,0.0,278
WP031956,THELMA,1956,0,0.0,0.0,0,0.0,0,0.0,0.0,0,0,13,0.0,0.0,0.0,0.0,279
WP011956,SARAH,1956,0,0.0,0.0,0,0.0,0,0.0,0.0,0,0,13,0.0,0.0,0.0,0.0,280
WP211955,PATSY,1955,0,0.0,0.0,0,0.0,0,0.0,0.0,0,0,7,0.0,0.0,0.0,0.0,281
WP121955,IRIS,1955,0,0.0,0.0,0,0.0,0,0.0,0.0,0,0,5,0.0,0.0,0.0,0.0,282
WP011955,VIOLET,1955,0,0.0,0.0,0,0.0,0,0.0,0.0,0,0,9,0.0,0.0,0.0,0.0,283
WP191954,TILDA,1954,0,0.0,0.0,0,0.0,0,0.0,0.0,0,0,6,0.0,0.0,0.0,0.0,284
WP181954,SALLY,1954,0,0.0,0.0,0,0.0,0,0.0,0.0,0,0,19,0.0,0.0,0.0,0.0,285
WP221956,NADINE,1956,0,0.0,0.0,0,0.0,0,0.0,0.0,0,0,6,0.0,0.0,0.0,0.0,286
WP041963,SHIRLEY,1963,0,0.0,0.0,0,0.0,0,0.0,0.0,0,0,3,0.0,0.0,0.0,0.0,287
WP281962,LUCY,1962,0,0.0,0.0,0,0.0,0,0.0,0.0,0,0,8,0.0,0.0,0.0,0.0,288
WP261962,JEAN,1962,0,0.0,0.0,0,0.0,0,0.0,0.0,0,0,7,0.0,0.0,0.0,0.0,289
WP231962,GILDA:IVY,1962,0,0.0,0.0,0,0.0,0,0.0,0.0,0,0,11,0.0,0.0,0.0,0.0,290
WP201962,DINAH,1962,0,0.0,0.0,0,0.0,0,0.0,0.0,0,0,5,0.0,0.0,0.0,0.0,291
WP171962,AMY,1962,0,0.0,0.0,0,0.0,0,0.0,0.0,0,0,6,0.0,0.0,0.0,0.0,292
WP161962,WANDA,1962,0,0.0,0.0,0,0.0,0,0.0,0.0,0,0,10,0.0,0.0,0.0,0.0,293
WP111962,PATSY,1962,0,0.0,0.0,0,0.0,0,0.0,0.0,0,0,8,0.0,0.0,0.0,0.0,294
WP101962,OPAL,1962,0,0.0,0.0,0,0.0,0,0.0,0.0,0,0,4,0.0,0.0,0.0,0.0,295
WP061962,KATE,1962,0,0.0,0.0,0,0.0,0,0.0,0.0,0,0,16,0.0,0.0,0.0,0.0,296
WP031962,HOPE,1962,0,0.0,0.0,0,0.0,0,0.0,0.0,0,0,18,0.0,0.0,0.0,0.0,297
WP271961,ELLEN,1961,0,0.0,0.0,0,0.0,0,0.0,0.0,0,0,23,0.0,0.0,0.0,0.0,298
WP161961,LORNA,1961,0,0.0,0.0,0,0.0,0,0.0,0.0,0,0,13,0.0,0.0,0.0,0.0,299
WP141961,JUNE,1961,0,0.0,0.0,0,0.0,0,0.0,0.0,0,0,12,0.0,0.0,0.0,0.0,300
WP091959,JOAN,1959,0,0.0,0.0,0,0.0,0,0.0,0.0,0,0,3,0.0,0.0,0.0,0.0,301
WP061961,BETTY,1961,0,0.0,0.0,0,0.0,0,0.0,0.0,0,0,10,0.0,0.0,0.0,0.0,302
WP271960,PHYLLIS,1960,0,0.0,0.0,0,0.0,0,0.0,0.0,0,0,13,0.0,0.0,0.0,0.0,303
WP231960,LOLA,1960,0,0.0,0.0,0,0.0,0,0.0,0.0,0,0,15,0.0,0.0,0.0,0.0,304
WP221960,KIT,1960,0,0.0,0.0,0,0.0,0,0.0,0.0,0,0,17,0.0,0.0,0.0,0.0,305
WP151960,ELAINE,1960,0,0.0,0.0,0,0.0,0,0.0,0.0,0,0,11,0.0,0.0,0.0,0.0,306
WP081960,SHIRLEY,1960,0,0.0,0.0,0,0.0,0,0.0,0.0,0,0,5,0.0,0.0,0.0,0.0,307
WP061960,POLLY,1960,0,0.0,0.0,0,0.0,0,0.0,0.0,0,0,14,0.0,0.0,0.0,0.0,308
WP051960,OLIVE,1960,0,0.0,0.0,0,0.0,0,0.0,0.0,0,0,14,0.0,0.0,0.0,0.0,309
WP011960,KAREN,1960,0,0.0,0.0,0,0.0,0,0.0,0.0,0,0,19,0.0,0.0,0.0,0.0,310
WP211959,FREDA,1959,0,0.0,0.0,0,0.0,0,0.0,0.0,0,0,13,0.0,0.0,0.0,0.0,311
WP201959,EMMA,1959,0,0.0,0.0,0,0.0,0,0.0,0.0,0,0,6,0.0,0.0,0.0,0.0,312
WP181959,CHARLOTTE,1959,0,0.0,0.0,0,0.0,0,0.0,0.0,0,0,11,0.0,0.0,0.0,0.0,313
WP161959,AMY,1959,0,0.0,0.0,0,0.0,0,0.0,0.0,0,0,9,0.0,0.0,0.0,0.0,314
WP111959,LOUISE,1959,0,0.0,0.0,0,0.0,0,0.0,0.0,0,0,6,0.0,0.0,0.0,0.0,315
WP091961,ELSIE,1961,0,0.0,0.0,0,0.0,0,0.0,0.0,0,0,7,0.0,0.0,0.0,0.0,316
WP171949,PATRICIA,1949,0,0.0,0.0,0,0.0,0,0.0,0.0,0,0,4,0.0,0.0,0.0,0.0,317
WP161949,OMELIA,1949,0,0.0,0.0,0,0.0,0,0.0,0.0,0,0,9,0.0,0.0,0.0,0.0,318
WP081949,JUDITH,1949,0,0.0,0.0,0,0.0,0,0.0,0.0,0,0,8,0.0,0.0,0.0,0.0,319
WP091947,INEZ,1947,0,0.0,0.0,0,0.0,0,0.0,0.0,0,0,6,0.0,0.0,0.0,0.0,320
WP212020,MOLAVE,2020,0,0.0,0.0,0,0.0,0,0.0,0.0,0,0,8,0.0,0.0,0.0,0.0,321
WP192020,SAUDEL,2020,0,0.0,0.0,0,0.0,0,0.0,0.0,0,0,13,0.0,0.0,0.0,0.0,322
WP012020,VONGFONG,2020,0,0.0,0.0,0,0.0,0,0.0,0.0,0,0,16,0.0,0.0,0.0,0.0,323
WP282019,FUNG-WONG,2019,0,0.0,0.0,0,0.0,0,0.0,0.0,0,0,6,0.0,0.0,0.0,0.0,324
WP272019,KALMAEGI,2019,0,0.0,0.0,0,0.0,0,0.0,0.0,0,0,31,0.0,0.0,0.0,0.0,325
WP252019,NAKRI,2019,0,0.0,0.0,0,0.0,0,0.0,0.0,0,0,12,0.0,0.0,0.0,0.0,326
WP212019,NEOGURI,2019,0,0.0,0.0,0,0.0,0,0.0,0.0,0,0,3,0.0,0.0,0.0,0.0,327
WP192019,MITAG,2019,0,0.0,0.0,0,0.0,0,0.0,0.0,0,0,7,0.0,0.0,0.0,0.0,328
WP152019,LINGLING,2019,0,0.0,0.0,0,0.0,0,0.0,0.0,0,0,10,0.0,0.0,0.0,0.0,329
WP171954,RUBY,1954,0,0.0,0.0,0,0.0,0,0.0,0.0,0,0,15,0.0,0.0,0.0,0.0,330
WP332017,TEMBIN,2017,0,0.0,0.0,0,0.0,0,0.0,0.0,0,0,9,0.0,0.0,0.0,0.0,331
WP161945,HELEN,1945,0,0.0,0.0,0,0.0,0,0.0,0.0,0,0,6,0.0,0.0,0.0,0.0,332
WP021949,DELLA,1949,0,0.0,0.0,0,0.0,0,0.0,0.0,0,0,9,0.0,0.0,0.0,0.0,333
WP242017,KHANUN,2017,0,0.0,0.0,0,0.0,0,0.0,0.0,0,0,11,0.0,0.0,0.0,0.0,334
WP031947,CAROL,1947,0,0.0,0.0,0,0.0,0,0.0,0.0,0,0,11,0.0,0.0,0.0,0.0,335
WP141946,BETTY,1946,0,0.0,0.0,0,0.0,0,0.0,0.0,0,0,11,0.0,0.0,0.0,0.0,336
WP131946,ALMA,1946,0,0.0,0.0,0,0.0,0,0.0,0.0,0,0,6,0.0,0.0,0.0,0.0,337
WP121946,QUERIDA,1946,0,0.0,0.0,0,0.0,0,0.0,0.0,0,0,4,0.0,0.0,0.0,0.0,338
WP101946,OPAL,1946,0,0.0,0.0,0,0.0,0,0.0,0.0,0,0,8,0.0,0.0,0.0,0.0,339
WP061946,INGRID,1946,0,0.0,0.0,0,0.0,0,0.0,0.0,0,0,12,0.0,0.0,0.0,0.0,340
WP031946,DOLLY,1946,0,0.0,0.0,0,0.0,0,0.0,0.0,0,0,9,0.0,0.0,0.0,0.0,341
WP011946,BARBARA,1946,0,0.0,0.0,0,0.0,0,0.0,0.0,0,0,12,0.0,0.0,0.0,0.0,342
WP261945,NORA,1945,0,0.0,0.0,0,0.0,0,0.0,0.0,0,0,5,0.0,0.0,0.0,0.0,343
WP211945,JEAN,1945,0,0.0,0.0,0,0.0,0,0.0,0.0,0,0,6,0.0,0.0,0.0,0.0,344
WP312018,YUTU,2018,0,0.0,0.0,0,0.0,0,0.0,0.0,0,0,20,0.0,0.0,0.0,0.0,345
WP161954,PAMELA,1954,0,0.0,0.0,0,0.0,0,0.0,0.0,0,0,10,0.0,0.0,0.0,0.0,346
WP131954,NANCY,1954,0,0.0,0.0,0,0.0,0,0.0,0.0,0,0,9,0.0,0.0,0.0,0.0,347
WP061954,IDA,1954,0,0.0,0.0,0,0.0,0,0.0,0.0,0,0,7,0.0,0.0,0.0,0.0,348
WP021954,ELSIE,1954,0,0.0,0.0,0,0.0,0,0.0,0.0,0,0,13,0.0,0.0,0.0,0.0,349
WP211953,CORA,1953,0,0.0,0.0,0,0.0,0,0.0,0.0,0,0,19,0.0,0.0,0.0,0.0,350
WP201953,BETTY,1953,0,0.0,0.0,0,0.0,0,0.0,0.0,0,0,13,0.0,0.0,0.0,0.0,351
WP141953,SUSAN,1953,0,0.0,0.0,0,0.0,0,0.0,0.0,0,0,9,0.0,0.0,0.0,0.0,352
WP121953,RITA,1953,0,0.0,0.0,0,0.0,0,0.0,0.0,0,0,8,0.0,0.0,0.0,0.0,353
WP111953,PHYLLIS,1953,0,0.0,0.0,0,0.0,0,0.0,0.0,0,0,6,0.0,0.0,0.0,0.0,354
WP051953,KIT,1953,0,0.0,0.0,0,0.0,0,0.0,0.0,0,0,7,0.0,0.0,0.0,0.0,355
WP031953,JUDY,1953,0,0.0,0.0,0,0.0,0,0.0,0.0,0,0,14,0.0,0.0,0.0,0.0,356
WP271952,GLORIA,1952,0,0.0,0.0,0,0.0,0,0.0,0.0,0,0,10,0.0,0.0,0.0,0.0,357
WP231952,CARMEN,1952,0,0.0,0.0,0,0.0,0,0.0,0.0,0,0,6,0.0,0.0,0.0,0.0,358
WP221952,BESS,1952,0,0.0,0.0,0,0.0,0,0.0,0.0,0,0,8,0.0,0.0,0.0,0.0,359
WP221949,CAMILLA,1949,0,0.0,0.0,0,0.0,0,0.0,0.0,0,0,11,0.0,0.0,0.0,0.0,360
WP101952,MARY,1952,0,0.0,0.0,0,0.0,0,0.0,0.0,0,0,8,0.0,0.0,0.0,0.0,361
WP061952,HARRIET,1952,0,0.0,0.0,0,0.0,0,0.0,0.0,0,0,14,0.0,0.0,0.0,0.0,362
WP031952,EMMA,1952,0,0.0,0.0,0,0.0,0,0.0,0.0,0,0,12,0.0,0.0,0.0,0.0,363
WP161951,AMY,1951,0,0.0,0.0,0,0.0,0,0.0,0.0,0,0,31,0.0,0.0,0.0,0.0,364
WP151951,WANDA,1951,0,0.0,0.0,0,0.0,0,0.0,0.0,0,0,13,0.0,0.0,0.0,0.0,365
WP111951,RUTH,1951,0,0.0,0.0,0,0.0,0,0.0,0.0,0,0,4,0.0,0.0,0.0,0.0,366
WP101951,PAT,1951,0,0.0,0.0,0,0.0,0,0.0,0.0,0,0,8,0.0,0.0,0.0,0.0,367
WP091951,ORA,1951,0,0.0,0.0,0,0.0,0,0.0,0.0,0,0,13,0.0,0.0,0.0,0.0,368
WP081951,NORA,1951,0,0.0,0.0,0,0.0,0,0.0,0.0,0,0,8,0.0,0.0,0.0,0.0,369
WP051951,KATE,1951,0,0.0,0.0,0,0.0,0,0.0,0.0,0,0,7,0.0,0.0,0.0,0.0,370
WP031951,IRIS,1951,0,0.0,0.0,0,0.0,0,0.0,0.0,0,0,18,0.0,0.0,0.0,0.0,371
WP181950,FRAN,1950,0,0.0,0.0,0,0.0,0,0.0,0.0,0,0,11,0.0,0.0,0.0,0.0,372
WP161950,CLARA,1950,0,0.0,0.0,0,0.0,0,0.0,0.0,0,0,10,0.0,0.0,0.0,0.0,373
WP121950,OSSIA,1950,0,0.0,0.0,0,0.0,0,0.0,0.0,0,0,15,0.0,0.0,0.0,0.0,374
WP111952,NONA,1952,0,0.0,0.0,0,0.0,0,0.0,0.0,0,0,9,0.0,0.0,0.0,0.0,375
WP191977,KIM,1977,0,0.0,0.0,0,0.0,0,0.0,0.0,0,0,19,0.0,0.0,0.0,0.0,376
WP121977,DINAH,1977,0,0.0,0.0,0,0.0,0,0.0,0.0,0,0,28,0.0,0.0,0.0,0.0,377
WP101977,BABE,1977,0,0.0,0.0,0,0.0,0,0.0,0.0,0,0,5,0.0,0.0,0.0,0.0,378
WP061977,THELMA,1977,0,0.0,0.0,0,0.0,0,0.0,0.0,0,0,13,0.0,0.0,0.0,0.0,379
WP221976,LOUISE,1976,0,0.0,0.0,0,0.0,0,0.0,0.0,0,0,8,0.0,0.0,0.0,0.0,380
WP071976,RUBY,1976,0,0.0,0.0,0,0.0,0,0.0,0.0,0,0,31,0.0,0.0,0.0,0.0,381
WP051976,OLGA,1976,0,0.0,0.0,0,0.0,0,0.0,0.0,0,0,36,0.0,0.0,0.0,0.0,382
WP171975,ELSIE,1975,0,0.0,0.0,0,0.0,0,0.0,0.0,0,0,12,0.0,0.0,0.0,0.0,383
WP131975,ALICE,1975,0,0.0,0.0,0,0.0,0,0.0,0.0,0,0,9,0.0,0.0,0.0,0.0,384
WP011975,LOLA,1975,0,0.0,0.0,0,0.0,0,0.0,0.0,0,0,7,0.0,0.0,0.0,0.0,385
WP331974,IRMA,1974,0,0.0,0.0,0,0.0,0,0.0,0.0,0,0,11,0.0,0.0,0.0,0.0,386
WP311974,GLORIA,1974,0,0.0,0.0,0,0.0,0,0.0,0.0,0,0,13,0.0,0.0,0.0,0.0,387
WP291974,ELAINE,1974,0,0.0,0.0,0,0.0,0,0.0,0.0,0,0,10,0.0,0.0,0.0,0.0,388
WP051963,TRIX,1963,0,0.0,0.0,0,0.0,0,0.0,0.0,0,0,18,0.0,0.0,0.0,0.0,389
WP271974,CARMEN,1974,0,0.0,0.0,0,0.0,0,0.0,0.0,0,0,11,0.0,0.0,0.0,0.0,390
WP261974,BESS,1974,0,0.0,0.0,0,0.0,0,0.0,0.0,0,0,12,0.0,0.0,0.0,0.0,391
WP121974,IVY,1974,0,0.0,0.0,0,0.0,0,0.0,0.0,0,0,9,0.0,0.0,0.0,0.0,392
WP061974,DINAH,1974,0,0.0,0.0,0,0.0,0,0.0,0.0,0,0,13,0.0,0.0,0.0,0.0,393
WP201973,RUTH,1973,0,0.0,0.0,0,0.0,0,0.0,0.0,0,0,10,0.0,0.0,0.0,0.0,394
WP191973,PATSY,1973,0,0.0,0.0,0,0.0,0,0.0,0.0,0,0,8,0.0,0.0,0.0,0.0,395
WP171973,NORA,1973,0,0.0,0.0,0,0.0,0,0.0,0.0,0,0,15,0.0,0.0,0.0,0.0,396
WP151973,LOUISE,1973,0,0.0,0.0,0,0.0,0,0.0,0.0,0,0,13,0.0,0.0,0.0,0.0,397
WP041973,BILLIE,1973,0,0.0,0.0,0,0.0,0,0.0,0.0,0,0,11,0.0,0.0,0.0,0.0,398
WP311972,THERESE,1972,0,0.0,0.0,0,0.0,0,0.0,0.0,0,0,19,0.0,0.0,0.0,0.0,399
WP281972,PAMELA,1972,0,0.0,0.0,0,0.0,0,0.0,0.0,0,0,9,0.0,0.0,0.0,0.0,400
WP141972,BETTY,1972,0,0.0,0.0,0,0.0,0,0.0,0.0,0,0,3,0.0,0.0,0.0,0.0,401
WP091972,SUSAN,1972,0,0.0,0.0,0,0.0,0,0.0,0.0,0,0,33,0.0,0.0,0.0,0.0,402
WP061972,ORA,1972,0,0.0,0.0,0,0.0,0,0.0,0.0,0,0,8,0.0,0.0,0.0,0.0,403
WP281974,DELLA,1974,0,0.0,0.0,0,0.0,0,0.0,0.0,0,0,15,0.0,0.0,0.0,0.0,404
WP041983,WAYNE,1983,0,0.0,0.0,0,0.0,0,0.0,0.0,0,0,6,0.0,0.0,0.0,0.0,405
WP031983,VERA,1983,0,0.0,0.0,0,0.0,0,0.0,0.0,0,0,12,0.0,0.0,0.0,0.0,406
WP281982,ROGER,1982,0,0.0,0.0,0,0.0,0,0.0,0.0,0,0,13,0.0,0.0,0.0,0.0,407
WP271982,PAMELA,1982,0,0.0,0.0,0,0.0,0,0.0,0.0,0,0,10,0.0,0.0,0.0,0.0,408
WP241982,NANCY,1982,0,0.0,0.0,0,0.0,0,0.0,0.0,0,0,10,0.0,0.0,0.0,0.0,409
WP201982,KEN,1982,0,0.0,0.0,0,0.0,0,0.0,0.0,0,0,15,0.0,0.0,0.0,0.0,410
WP151982,FAYE,1982,0,0.0,0.0,0,0.0,0,0.0,0.0,0,0,31,0.0,0.0,0.0,0.0,411
WP121982,CECIL,1982,0,0.0,0.0,0,0.0,0,0.0,0.0,0,0,15,0.0,0.0,0.0,0.0,412
WP101982,ANDY,1982,0,0.0,0.0,0,0.0,0,0.0,0.0,0,0,5,0.0,0.0,0.0,0.0,413
WP171945,URSULA,1945,0,0.0,0.0,0,0.0,0,0.0,0.0,0,0,11,0.0,0.0,0.0,0.0,414
WP291981,LEE,1981,0,0.0,0.0,0,0.0,0,0.0,0.0,0,0,10,0.0,0.0,0.0,0.0,415
WP261981,IRMA,1981,0,0.0,0.0,0,0.0,0,0.0,0.0,0,0,13,0.0,0.0,0.0,0.0,416
WP251981,HAZEN,1981,0,0.0,0.0,0,0.0,0,0.0,0.0,0,0,10,0.0,0.0,0.0,0.0,417
WP201981,CLARA,1981,0,0.0,0.0,0,0.0,0,0.0,0.0,0,0,14,0.0,0.0,0.0,0.0,418
WP021978,OLIVE,1978,0,0.0,0.0,0,0.0,0,0.0,0.0,0,0,18,0.0,0.0,0.0,0.0,419
WP041981,IKE,1981,0,0.0,0.0,0,0.0,0,0.0,0.0,0,0,5,0.0,0.0,0.0,0.0,420
WP251980,BETTY,1980,0,0.0,0.0,0,0.0,0,0.0,0.0,0,0,14,0.0,0.0,0.0,0.0,421
WP191980,PERCY,1980,0,0.0,0.0,0,0.0,0,0.0,0.0,0,0,12,0.0,0.0,0.0,0.0,422
WP111980,KIM,1980,0,0.0,0.0,0,0.0,0,0.0,0.0,0,0,14,0.0,0.0,0.0,0.0,423
WP091980,JOE,1980,0,0.0,0.0,0,0.0,0,0.0,0.0,0,0,7,0.0,0.0,0.0,0.0,424
WP031980,DOM,1980,0,0.0,0.0,0,0.0,0,0.0,0.0,0,0,34,0.0,0.0,0.0,0.0,425
WP241979,VERA,1979,0,0.0,0.0,0,0.0,0,0.0,0.0,0,0,12,0.0,0.0,0.0,0.0,426
WP221979,SARAH,1979,0,0.0,0.0,0,0.0,0,0.0,0.0,0,0,41,0.0,0.0,0.0,0.0,427
WP171979,MAC,1979,0,0.0,0.0,0,0.0,0,0.0,0.0,0,0,25,0.0,0.0,0.0,0.0,428
WP121979,IRVING,1979,0,0.0,0.0,0,0.0,0,0.0,0.0,0,0,7,0.0,0.0,0.0,0.0,429
WP091979,HOPE,1979,0,0.0,0.0,0,0.0,0,0.0,0.0,0,0,7,0.0,0.0,0.0,0.0,430
WP061979,ELLIS,1979,0,0.0,0.0,0,0.0,0,0.0,0.0,0,0,12,0.0,0.0,0.0,0.0,431
WP031979,CECIL,1979,0,0.0,0.0,0,0.0,0,0.0,0.0,0,0,20,0.0,0.0,0.0,0.0,432
WP241978,ORA,1978,0,0.0,0.0,0,0.0,0,0.0,0.0,0,0,4,0.0,0.0,0.0,0.0,433
WP051981,JUNE,1981,0,0.0,0.0,0,0.0,0,0.0,0.0,0,0,7,0.0,0.0,0.0,0.0,434
WP191966,ELSIE,1966,0,0.0,0.0,0,0.0,0,0.0,0.0,0,0,16,0.0,0.0,0.0,0.0,435
WP111966,SUSAN,1966,0,0.0,0.0,0,0.0,0,0.0,0.0,0,0,12,0.0,0.0,0.0,0.0,436
WP061966,MAMIE,1966,0,0.0,0.0,0,0.0,0,0.0,0.0,0,0,8,0.0,0.0,0.0,0.0,437
WP031966,JUDY,1966,0,0.0,0.0,0,0.0,0,0.0,0.0,0,0,20,0.0,0.0,0.0,0.0,438
WP021966,IRMA,1966,0,0.0,0.0,0,0.0,0,0.0,0.0,0,0,27,0.0,0.0,0.0,0.0,439
WP011966,HESTER,1966,0,0.0,0.0,0,0.0,0,0.0,0.0,0,0,16,0.0,0.0,0.0,0.0,440
WP331965,FAYE,1965,0,0.0,0.0,0,0.0,0,0.0,0.0,0,0,4,0.0,0.0,0.0,0.0,441
WP231965,ROSE,1965,0,0.0,0.0,0,0.0,0,0.0,0.0,0,0,12,0.0,0.0,0.0,0.0,442
WP141965,HARRIET,1965,0,0.0,0.0,0,0.0,0,0.0,0.0,0,0,3,0.0,0.0,0.0,0.0,443
WP121965,FREDA,1965,0,0.0,0.0,0,0.0,0,0.0,0.0,0,0,9,0.0,0.0,0.0,0.0,444
WP101965,DINAH,1965,0,0.0,0.0,0,0.0,0,0.0,0.0,0,0,9,0.0,0.0,0.0,0.0,445
WP071965,AMY,1965,0,0.0,0.0,0,0.0,0,0.0,0.0,0,0,15,0.0,0.0,0.0,0.0,446
WP391964,OPAL,1964,0,0.0,0.0,0,0.0,0,0.0,0.0,0,0,12,0.0,0.0,0.0,0.0,447
WP011972,KIT,1972,0,0.0,0.0,0,0.0,0,0.0,0.0,0,0,16,0.0,0.0,0.0,0.0,448
WP271964,CLARA,1964,0,0.0,0.0,0,0.0,0,0.0,0.0,0,0,9,0.0,0.0,0.0,0.0,449
WP221964,TILDA,1964,0,0.0,0.0,0,0.0,0,0.0,0.0,0,0,9,0.0,0.0,0.0,0.0,450
WP211964,SALLY,1964,0,0.0,0.0,0,0.0,0,0.0,0.0,0,0,10,0.0,0.0,0.0,0.0,451
WP201964,RUBY,1964,0,0.0,0.0,0,0.0,0,0.0,0.0,0,0,12,0.0,0.0,0.0,0.0,452
WP121964,IDA,1964,0,0.0,0.0,0,0.0,0,0.0,0.0,0,0,10,0.0,0.0,0.0,0.0,453
WP081964,ELSIE,1964,0,0.0,0.0,0,0.0,0,0.0,0.0,0,0,9,0.0,0.0,0.0,0.0,454
WP071964,DORIS,1964,0,0.0,0.0,0,0.0,0,0.0,0.0,0,0,3,0.0,0.0,0.0,0.0,455
WP061964,CORA,1964,0,0.0,0.0,0,0.0,0,0.0,0.0,0,0,4,0.0,0.0,0.0,0.0,456
WP031964,WINNIE,1964,0,0.0,0.0,0,0.0,0,0.0,0.0,0,0,10,0.0,0.0,0.0,0.0,457
WP231963,PHYLLIS,1963,0,0.0,0.0,0,0.0,0,0.0,0.0,0,0,8,0.0,0.0,0.0,0.0,458
WP131963,FAYE,1963,0,0.0,0.0,0,0.0,0,0.0,0.0,0,0,10,0.0,0.0,0.0,0.0,459
WP101963,CARMEN,1963,0,0.0,0.0,0,0.0,0,0.0,0.0,0,0,13,0.0,0.0,0.0,0.0,460
WP081963,AGNES,1963,0,0.0,0.0,0,0.0,0,0.0,0.0,0,0,10,0.0,0.0,0.0,0.0,461
WP071963,WENDY,1963,0,0.0,0.0,0,0.0,0,0.0,0.0,0,0,4,0.0,0.0,0.0,0.0,462
WP281964,DOT,1964,0,0.0,0.0,0,0.0,0,0.0,0.0,0,0,15,0.0,0.0,0.0,0.0,463
WP341971,IRMA,1971,0,0.0,0.0,0,0.0,0,0.0,0.0,0,0,4,0.0,0.0,0.0,0.0,464
WP331971,HESTER,1971,0,0.0,0.0,0,0.0,0,0.0,0.0,0,0,8,0.0,0.0,0.0,0.0,465
WP311971,FAYE(GLORIA):GLORIA,1971,0,0.0,0.0,0,0.0,0,0.0,0.0,0,0,18,0.0,0.0,0.0,0.0,466
WP301971,ELAINE,1971,0,0.0,0.0,0,0.0,0,0.0,0.0,0,0,12,0.0,0.0,0.0,0.0,467
WP181971,NADINE,1971,0,0.0,0.0,0,0.0,0,0.0,0.0,0,0,5,0.0,0.0,0.0,0.0,468
WP161971,LUCY,1971,0,0.0,0.0,0,0.0,0,0.0,0.0,0,0,13,0.0,0.0,0.0,0.0,469
WP151971,JEAN,1971,0,0.0,0.0,0,0.0,0,0.0,0.0,0,0,9,0.0,0.0,0.0,0.0,470
WP121971,HARRIET,1971,0,0.0,0.0,0,0.0,0,0.0,0.0,0,0,8,0.0,0.0,0.0,0.0,471
WP111971,GILDA,1971,0,0.0,0.0,0,0.0,0,0.0,0.0,0,0,9,0.0,0.0,0.0,0.0,472
WP101971,FREDA,1971,0,0.0,0.0,0,0.0,0,0.0,0.0,0,0,10,0.0,0.0,0.0,0.0,473
WP081971,DINAH,1971,0,0.0,0.0,0,0.0,0,0.0,0.0,0,0,9,0.0,0.0,0.0,0.0,474
WP031971,VERA,1971,0,0.0,0.0,0,0.0,0,0.0,0.0,0,0,11,0.0,0.0,0.0,0.0,475
WP231970,PATSY,1970,0,0.0,0.0,0,0.0,0,0.0,0.0,0,0,8,0.0,0.0,0.0,0.0,476
WP141970,GEORGIA,1970,0,0.0,0.0,0,0.0,0,0.0,0.0,0,0,14,0.0,0.0,0.0,0.0,477
WP301966,PAMELA,1966,0,0.0,0.0,0,0.0,0,0.0,0.0,0,0,16,0.0,0.0,0.0,0.0,478
WP011970,NANCY,1970,0,0.0,0.0,0,0.0,0,0.0,0.0,0,0,12,0.0,0.0,0.0,0.0,479
WP051969,VIOLA,1969,0,0.0,0.0,0,0.0,0,0.0,0.0,0,0,10,0.0,0.0,0.0,0.0,480
WP031969,SUSAN,1969,0,0.0,0.0,0,0.0,0,0.0,0.0,0,0,12,0.0,0.0,0.0,0.0,481
WP271968,ORA,1968,0,0.0,0.0,0,0.0,0,0.0,0.0,0,0,7,0.0,0.0,0.0,0.0,482
WP251968,MAMIE,1968,0,0.0,0.0,0,0.0,0,0.0,0.0,0,0,12,0.0,0.0,0.0,0.0,483
WP171968,ELAINE,1968,0,0.0,0.0,0,0.0,0,0.0,0.0,0,0,18,0.0,0.0,0.0,0.0,484
WP151968,DELLA,1968,0,0.0,0.0,0,0.0,0,0.0,0.0,0,0,3,0.0,0.0,0.0,0.0,485
WP121968,WENDY,1968,0,0.0,0.0,0,0.0,0,0.0,0.0,0,0,14,0.0,0.0,0.0,0.0,486
WP331967,GILDA,1967,0,0.0,0.0,0,0.0,0,0.0,0.0,0,0,7,0.0,0.0,0.0,0.0,487
WP321967,FREDA,1967,0,0.0,0.0,0,0.0,0,0.0,0.0,0,0,6,0.0,0.0,0.0,0.0,488
WP181967,MARGE,1967,0,0.0,0.0,0,0.0,0,0.0,0.0,0,0,10,0.0,0.0,0.0,0.0,489
WP071967,BILLIE,1967,0,0.0,0.0,0,0.0,0,0.0,0.0,0,0,5,0.0,0.0,0.0,0.0,490
WP061967,ANITA,1967,0,0.0,0.0,0,0.0,0,0.0,0.0,0,0,11,0.0,0.0,0.0,0.0,491
WP021967,SALLY,1967,0,0.0,0.0,0,0.0,0,0.0,0.0,0,0,6,0.0,0.0,0.0,0.0,492
WP021970,OLGA,1970,0,0.0,0.0,0,0.0,0,0.0,0.0,0,0,5,0.0,0.0,0.0,0.0,493
